Series,Year,S&P 500 (includes dividends),US Small cap (bottom decile),3-month T.Bill,US T. Bond (10-year),Baa Corporate Bond,Real Estate,Gold*,inflation,SP500 Dividend Yield,Bitcoin*,International Stocks,Emerging Markets,NASDAQ 100,Ethereum,XRP,SOL
1,1,3.56%,-19.00%,6.39%,16.75%,5.65%,8.22%,-9.45%,5.57%,3.46%,,-10.51%,,,,,
1,2,14.22%,16.49%,4.33%,9.79%,14.00%,4.24%,16.69%,3.27%,3.10%,,31.21%,,,,,
1,3,18.76%,0.26%,4.06%,2.82%,11.41%,2.98%,48.78%,3.41%,2.70%,,37.60%,,,,,
1,4,-14.31%,-38.63%,7.04%,3.66%,4.32%,3.42%,72.96%,8.71%,3.70%,,-14.17%,,,,,
1,5,-25.90%,-26.81%,7.85%,1.99%,-4.38%,10.07%,66.15%,12.34%,5.43%,,-22.15%,,,,,
1,6,37.00%,59.35%,5.79%,3.61%,11.05%,6.77%,-24.80%,6.94%,4.14%,,37.10%,,,,,
1,7,23.83%,48.51%,4.98%,15.98%,19.75%,8.18%,-4.10%,4.86%,3.93%,,3.74%,,,,,
1,8,-6.98%,30.67%,5.26%,1.29%,9.95%,14.65%,22.64%,6.70%,5.11%,,19.42%,,,,,
1,9,6.51%,29.32%,7.18%,-0.78%,3.14%,15.72%,37.01%,9.02%,5.39%,,34.30%,,,,,
1,10,18.52%,41.97%,10.05%,0.67%,-2.01%,13.74%,126.55%,13.29%,5.53%,,6.18%,,,,,
2,1,14.22%,16.49%,4.33%,9.79%,14.00%,4.24%,16.69%,3.27%,3.10%,,31.21%,,,,,
2,2,18.76%,0.26%,4.06%,2.82%,11.41%,2.98%,48.78%,3.41%,2.70%,,37.60%,,,,,
2,3,-14.31%,-38.63%,7.04%,3.66%,4.32%,3.42%,72.96%,8.71%,3.70%,,-14.17%,,,,,
2,4,-25.90%,-26.81%,7.85%,1.99%,-4.38%,10.07%,66.15%,12.34%,5.43%,,-22.15%,,,,,
2,5,37.00%,59.35%,5.79%,3.61%,11.05%,6.77%,-24.80%,6.94%,4.14%,,37.10%,,,,,
2,6,23.83%,48.51%,4.98%,15.98%,19.75%,8.18%,-4.10%,4.86%,3.93%,,3.74%,,,,,
2,7,-6.98%,30.67%,5.26%,1.29%,9.95%,14.65%,22.64%,6.70%,5.11%,,19.42%,,,,,
2,8,6.51%,29.32%,7.18%,-0.78%,3.14%,15.72%,37.01%,9.02%,5.39%,,34.30%,,,,,
2,9,18.52%,41.97%,10.05%,0.67%,-2.01%,13.74%,126.55%,13.29%,5.53%,,6.18%,,,,,
2,10,31.74%,42.41%,11.39%,-2.99%,-3.32%,7.40%,15.19%,12.52%,4.74%,,24.43%,,,,,
3,1,18.76%,0.26%,4.06%,2.82%,11.41%,2.98%,48.78%,3.41%,2.70%,,37.60%,,,,,
3,2,-14.31%,-38.63%,7.04%,3.66%,4.32%,3.42%,72.96%,8.71%,3.70%,,-14.17%,,,,,
3,3,-25.90%,-26.81%,7.85%,1.99%,-4.38%,10.07%,66.15%,12.34%,5.43%,,-22.15%,,,,,
3,4,37.00%,59.35%,5.79%,3.61%,11.05%,6.77%,-24.80%,6.94%,4.14%,,37.10%,,,,,
3,5,23.83%,48.51%,4.98%,15.98%,19.75%,8.18%,-4.10%,4.86%,3.93%,,3.74%,,,,,
3,6,-6.98%,30.67%,5.26%,1.29%,9.95%,14.65%,22.64%,6.70%,5.11%,,19.42%,,,,,
3,7,6.51%,29.32%,7.18%,-0.78%,3.14%,15.72%,37.01%,9.02%,5.39%,,34.30%,,,,,
3,8,18.52%,41.97%,10.05%,0.67%,-2.01%,13.74%,126.55%,13.29%,5.53%,,6.18%,,,,,
3,9,31.74%,42.41%,11.39%,-2.99%,-3.32%,7.40%,15.19%,12.52%,4.74%,,24.43%,,,,,
3,10,-4.70%,-4.14%,14.04%,8.20%,8.46%,5.10%,-32.60%,8.92%,5.57%,,-1.03%,,,,,
4,1,-14.31%,-38.63%,7.04%,3.66%,4.32%,3.42%,72.96%,8.71%,3.70%,,-14.17%,,,,,
4,2,-25.90%,-26.81%,7.85%,1.99%,-4.38%,10.07%,66.15%,12.34%,5.43%,,-22.15%,,,,,
4,3,37.00%,59.35%,5.79%,3.61%,11.05%,6.77%,-24.80%,6.94%,4.14%,,37.10%,,,,,
4,4,23.83%,48.51%,4.98%,15.98%,19.75%,8.18%,-4.10%,4.86%,3.93%,,3.74%,,,,,
4,5,-6.98%,30.67%,5.26%,1.29%,9.95%,14.65%,22.64%,6.70%,5.11%,,19.42%,,,,,
4,6,6.51%,29.32%,7.18%,-0.78%,3.14%,15.72%,37.01%,9.02%,5.39%,,34.30%,,,,,
4,7,18.52%,41.97%,10.05%,0.67%,-2.01%,13.74%,126.55%,13.29%,5.53%,,6.18%,,,,,
4,8,31.74%,42.41%,11.39%,-2.99%,-3.32%,7.40%,15.19%,12.52%,4.74%,,24.43%,,,,,
4,9,-4.70%,-4.14%,14.04%,8.20%,8.46%,5.10%,-32.60%,8.92%,5.57%,,-1.03%,,,,,
4,10,20.42%,27.11%,10.60%,32.81%,29.05%,0.56%,15.62%,3.83%,4.93%,,-0.86%,,,,,
5,1,-25.90%,-26.81%,7.85%,1.99%,-4.38%,10.07%,66.15%,12.34%,5.43%,,-22.15%,,,,,
5,2,37.00%,59.35%,5.79%,3.61%,11.05%,6.77%,-24.80%,6.94%,4.14%,,37.10%,,,,,
5,3,23.83%,48.51%,4.98%,15.98%,19.75%,8.18%,-4.10%,4.86%,3.93%,,3.74%,,,,,
5,4,-6.98%,30.67%,5.26%,1.29%,9.95%,14.65%,22.64%,6.70%,5.11%,,19.42%,,,,,
5,5,6.51%,29.32%,7.18%,-0.78%,3.14%,15.72%,37.01%,9.02%,5.39%,,34.30%,,,,,
5,6,18.52%,41.97%,10.05%,0.67%,-2.01%,13.74%,126.55%,13.29%,5.53%,,6.18%,,,,,
5,7,31.74%,42.41%,11.39%,-2.99%,-3.32%,7.40%,15.19%,12.52%,4.74%,,24.43%,,,,,
5,8,-4.70%,-4.14%,14.04%,8.20%,8.46%,5.10%,-32.60%,8.92%,5.57%,,-1.03%,,,,,
5,9,20.42%,27.11%,10.60%,32.81%,29.05%,0.56%,15.62%,3.83%,4.93%,,-0.86%,,,,,
5,10,22.34%,35.86%,8.62%,3.20%,16.19%,4.75%,-16.80%,3.79%,4.32%,,24.61%,,,,,
6,1,37.00%,59.35%,5.79%,3.61%,11.05%,6.77%,-24.80%,6.94%,4.14%,,37.10%,,,,,
6,2,23.83%,48.51%,4.98%,15.98%,19.75%,8.18%,-4.10%,4.86%,3.93%,,3.74%,,,,,
6,3,-6.98%,30.67%,5.26%,1.29%,9.95%,14.65%,22.64%,6.70%,5.11%,,19.42%,,,,,
6,4,6.51%,29.32%,7.18%,-0.78%,3.14%,15.72%,37.01%,9.02%,5.39%,,34.30%,,,,,
6,5,18.52%,41.97%,10.05%,0.67%,-2.01%,13.74%,126.55%,13.29%,5.53%,,6.18%,,,,,
6,6,31.74%,42.41%,11.39%,-2.99%,-3.32%,7.40%,15.19%,12.52%,4.74%,,24.43%,,,,,
6,7,-4.70%,-4.14%,14.04%,8.20%,8.46%,5.10%,-32.60%,8.92%,5.57%,,-1.03%,,,,,
6,8,20.42%,27.11%,10.60%,32.81%,29.05%,0.56%,15.62%,3.83%,4.93%,,-0.86%,,,,,
6,9,22.34%,35.86%,8.62%,3.20%,16.19%,4.75%,-16.80%,3.79%,4.32%,,24.61%,,,,,
6,10,6.15%,-14.52%,9.54%,13.73%,15.62%,4.68%,-19.38%,3.95%,4.68%,,7.86%,,,,,
7,1,23.83%,48.51%,4.98%,15.98%,19.75%,8.18%,-4.10%,4.86%,3.93%,,3.74%,,,,,
7,2,-6.98%,30.67%,5.26%,1.29%,9.95%,14.65%,22.64%,6.70%,5.11%,,19.42%,,,,,
7,3,6.51%,29.32%,7.18%,-0.78%,3.14%,15.72%,37.01%,9.02%,5.39%,,34.30%,,,,,
7,4,18.52%,41.97%,10.05%,0.67%,-2.01%,13.74%,126.55%,13.29%,5.53%,,6.18%,,,,,
7,5,31.74%,42.41%,11.39%,-2.99%,-3.32%,7.40%,15.19%,12.52%,4.74%,,24.43%,,,,,
7,6,-4.70%,-4.14%,14.04%,8.20%,8.46%,5.10%,-32.60%,8.92%,5.57%,,-1.03%,,,,,
7,7,20.42%,27.11%,10.60%,32.81%,29.05%,0.56%,15.62%,3.83%,4.93%,,-0.86%,,,,,
7,8,22.34%,35.86%,8.62%,3.20%,16.19%,4.75%,-16.80%,3.79%,4.32%,,24.61%,,,,,
7,9,6.15%,-14.52%,9.54%,13.73%,15.62%,4.68%,-19.38%,3.95%,4.68%,,7.86%,,,,,
7,10,31.24%,25.14%,7.47%,25.71%,23.86%,7.47%,6.00%,3.80%,3.88%,,56.72%,,,,,
8,1,-6.98%,30.67%,5.26%,1.29%,9.95%,14.65%,22.64%,6.70%,5.11%,,19.42%,,,,,
8,2,6.51%,29.32%,7.18%,-0.78%,3.14%,15.72%,37.01%,9.02%,5.39%,,34.30%,,,,,
8,3,18.52%,41.97%,10.05%,0.67%,-2.01%,13.74%,126.55%,13.29%,5.53%,,6.18%,,,,,
8,4,31.74%,42.41%,11.39%,-2.99%,-3.32%,7.40%,15.19%,12.52%,4.74%,,24.43%,,,,,
8,5,-4.70%,-4.14%,14.04%,8.20%,8.46%,5.10%,-32.60%,8.92%,5.57%,,-1.03%,,,,,
8,6,20.42%,27.11%,10.60%,32.81%,29.05%,0.56%,15.62%,3.83%,4.93%,,-0.86%,,,,,
8,7,22.34%,35.86%,8.62%,3.20%,16.19%,4.75%,-16.80%,3.79%,4.32%,,24.61%,,,,,
8,8,6.15%,-14.52%,9.54%,13.73%,15.62%,4.68%,-19.38%,3.95%,4.68%,,7.86%,,,,,
8,9,31.24%,25.14%,7.47%,25.71%,23.86%,7.47%,6.00%,3.80%,3.88%,,56.72%,,,,,
8,10,18.49%,2.16%,5.97%,24.28%,21.35%,9.61%,18.96%,1.10%,3.38%,,69.94%,,,,,
9,1,6.51%,29.32%,7.18%,-0.78%,3.14%,15.72%,37.01%,9.02%,5.39%,,34.30%,,,,,
9,2,18.52%,41.97%,10.05%,0.67%,-2.01%,13.74%,126.55%,13.29%,5.53%,,6.18%,,,,,
9,3,31.74%,42.41%,11.39%,-2.99%,-3.32%,7.40%,15.19%,12.52%,4.74%,,24.43%,,,,,
9,4,-4.70%,-4.14%,14.04%,8.20%,8.46%,5.10%,-32.60%,8.92%,5.57%,,-1.03%,,,,,
9,5,20.42%,27.11%,10.60%,32.81%,29.05%,0.56%,15.62%,3.83%,4.93%,,-0.86%,,,,,
9,6,22.34%,35.86%,8.62%,3.20%,16.19%,4.75%,-16.80%,3.79%,4.32%,,24.61%,,,,,
9,7,6.15%,-14.52%,9.54%,13.73%,15.62%,4.68%,-19.38%,3.95%,4.68%,,7.86%,,,,,
9,8,31.24%,25.14%,7.47%,25.71%,23.86%,7.47%,6.00%,3.80%,3.88%,,56.72%,,,,,
9,9,18.49%,2.16%,5.97%,24.28%,21.35%,9.61%,18.96%,1.10%,3.38%,,69.94%,,,,,
9,10,5.81%,-14.03%,5.78%,-4.96%,2.81%,7.85%,24.53%,4.43%,3.71%,,24.93%,,,,,
10,1,18.52%,41.97%,10.05%,0.67%,-2.01%,13.74%,126.55%,13.29%,5.53%,,6.18%,,,,,
10,2,31.74%,42.41%,11.39%,-2.99%,-3.32%,7.40%,15.19%,12.52%,4.74%,,24.43%,,,,,
10,3,-4.70%,-4.14%,14.04%,8.20%,8.46%,5.10%,-32.60%,8.92%,5.57%,,-1.03%,,,,,
10,4,20.42%,27.11%,10.60%,32.81%,29.05%,0.56%,15.62%,3.83%,4.93%,,-0.86%,,,,,
10,5,22.34%,35.86%,8.62%,3.20%,16.19%,4.75%,-16.80%,3.79%,4.32%,,24.61%,,,,,
10,6,6.15%,-14.52%,9.54%,13.73%,15.62%,4.68%,-19.38%,3.95%,4.68%,,7.86%,,,,,
10,7,31.24%,25.14%,7.47%,25.71%,23.86%,7.47%,6.00%,3.80%,3.88%,,56.72%,,,,,
10,8,18.49%,2.16%,5.97%,24.28%,21.35%,9.61%,18.96%,1.10%,3.38%,,69.94%,,,,,
10,9,5.81%,-14.03%,5.78%,-4.96%,2.81%,7.85%,24.53%,4.43%,3.71%,,24.93%,,,,,
10,10,16.54%,17.37%,6.67%,8.22%,14.38%,7.22%,-15.26%,4.42%,3.68%,,28.59%,,,,,
11,1,31.74%,42.41%,11.39%,-2.99%,-3.32%,7.40%,15.19%,12.52%,4.74%,,24.43%,,,,,
11,2,-4.70%,-4.14%,14.04%,8.20%,8.46%,5.10%,-32.60%,8.92%,5.57%,,-1.03%,,,,,
11,3,20.42%,27.11%,10.60%,32.81%,29.05%,0.56%,15.62%,3.83%,4.93%,,-0.86%,,,,,
11,4,22.34%,35.86%,8.62%,3.20%,16.19%,4.75%,-16.80%,3.79%,4.32%,,24.61%,,,,,
11,5,6.15%,-14.52%,9.54%,13.73%,15.62%,4.68%,-19.38%,3.95%,4.68%,,7.86%,,,,,
11,6,31.24%,25.14%,7.47%,25.71%,23.86%,7.47%,6.00%,3.80%,3.88%,,56.72%,,,,,
11,7,18.49%,2.16%,5.97%,24.28%,21.35%,9.61%,18.96%,1.10%,3.38%,,69.94%,,,,,
11,8,5.81%,-14.03%,5.78%,-4.96%,2.81%,7.85%,24.53%,4.43%,3.71%,,24.93%,,,,,
11,9,16.54%,17.37%,6.67%,8.22%,14.38%,7.22%,-15.26%,4.42%,3.68%,,28.59%,,,,,
11,10,31.48%,6.95%,8.11%,17.69%,15.95%,4.39%,-2.84%,4.65%,3.32%,,10.80%,,,,,
12,1,-4.70%,-4.14%,14.04%,8.20%,8.46%,5.10%,-32.60%,8.92%,5.57%,,-1.03%,,,,,
12,2,20.42%,27.11%,10.60%,32.81%,29.05%,0.56%,15.62%,3.83%,4.93%,,-0.86%,,,,,
12,3,22.34%,35.86%,8.62%,3.20%,16.19%,4.75%,-16.80%,3.79%,4.32%,,24.61%,,,,,
12,4,6.15%,-14.52%,9.54%,13.73%,15.62%,4.68%,-19.38%,3.95%,4.68%,,7.86%,,,,,
12,5,31.24%,25.14%,7.47%,25.71%,23.86%,7.47%,6.00%,3.80%,3.88%,,56.72%,,,,,
12,6,18.49%,2.16%,5.97%,24.28%,21.35%,9.61%,18.96%,1.10%,3.38%,,69.94%,,,,,
12,7,5.81%,-14.03%,5.78%,-4.96%,2.81%,7.85%,24.53%,4.43%,3.71%,,24.93%,,,,,
12,8,16.54%,17.37%,6.67%,8.22%,14.38%,7.22%,-15.26%,4.42%,3.68%,,28.59%,,,,,
12,9,31.48%,6.95%,8.11%,17.69%,15.95%,4.39%,-2.84%,4.65%,3.32%,,10.80%,,,,,
12,10,-3.06%,-27.92%,7.50%,6.24%,6.28%,-0.69%,-3.11%,6.11%,3.74%,,-23.20%,,,,,
13,1,20.42%,27.11%,10.60%,32.81%,29.05%,0.56%,15.62%,3.83%,4.93%,,-0.86%,,,,,
13,2,22.34%,35.86%,8.62%,3.20%,16.19%,4.75%,-16.80%,3.79%,4.32%,,24.61%,,,,,
13,3,6.15%,-14.52%,9.54%,13.73%,15.62%,4.68%,-19.38%,3.95%,4.68%,,7.86%,,,,,
13,4,31.24%,25.14%,7.47%,25.71%,23.86%,7.47%,6.00%,3.80%,3.88%,,56.72%,,,,,
13,5,18.49%,2.16%,5.97%,24.28%,21.35%,9.61%,18.96%,1.10%,3.38%,,69.94%,,,,,
13,6,5.81%,-14.03%,5.78%,-4.96%,2.81%,7.85%,24.53%,4.43%,3.71%,,24.93%,,,,,
13,7,16.54%,17.37%,6.67%,8.22%,14.38%,7.22%,-15.26%,4.42%,3.68%,,28.59%,,,,,
13,8,31.48%,6.95%,8.11%,17.69%,15.95%,4.39%,-2.84%,4.65%,3.32%,,10.80%,,,,,
13,9,-3.06%,-27.92%,7.50%,6.24%,6.28%,-0.69%,-3.11%,6.11%,3.74%,,-23.20%,,,,,
13,10,30.23%,46.27%,5.38%,15.00%,18.93%,-0.17%,-8.56%,3.06%,3.11%,,12.50%,,,,,
14,1,22.34%,35.86%,8.62%,3.20%,16.19%,4.75%,-16.80%,3.79%,4.32%,,24.61%,,,,,
14,2,6.15%,-14.52%,9.54%,13.73%,15.62%,4.68%,-19.38%,3.95%,4.68%,,7.86%,,,,,
14,3,31.24%,25.14%,7.47%,25.71%,23.86%,7.47%,6.00%,3.80%,3.88%,,56.72%,,,,,
14,4,18.49%,2.16%,5.97%,24.28%,21.35%,9.61%,18.96%,1.10%,3.38%,,69.94%,,,,,
14,5,5.81%,-14.03%,5.78%,-4.96%,2.81%,7.85%,24.53%,4.43%,3.71%,,24.93%,,,,,
14,6,16.54%,17.37%,6.67%,8.22%,14.38%,7.22%,-15.26%,4.42%,3.68%,,28.59%,,,,,
14,7,31.48%,6.95%,8.11%,17.69%,15.95%,4.39%,-2.84%,4.65%,3.32%,,10.80%,,,,,
14,8,-3.06%,-27.92%,7.50%,6.24%,6.28%,-0.69%,-3.11%,6.11%,3.74%,,-23.20%,,,,,
14,9,30.23%,46.27%,5.38%,15.00%,18.93%,-0.17%,-8.56%,3.06%,3.11%,,12.50%,,,,,
14,10,7.49%,25.51%,3.43%,9.36%,11.31%,0.82%,-5.73%,2.90%,2.90%,,-11.85%,,,,,
15,1,6.15%,-14.52%,9.54%,13.73%,15.62%,4.68%,-19.38%,3.95%,4.68%,,7.86%,,,,,
15,2,31.24%,25.14%,7.47%,25.71%,23.86%,7.47%,6.00%,3.80%,3.88%,,56.72%,,,,,
15,3,18.49%,2.16%,5.97%,24.28%,21.35%,9.61%,18.96%,1.10%,3.38%,,69.94%,,,,,
15,4,5.81%,-14.03%,5.78%,-4.96%,2.81%,7.85%,24.53%,4.43%,3.71%,,24.93%,,,,,
15,5,16.54%,17.37%,6.67%,8.22%,14.38%,7.22%,-15.26%,4.42%,3.68%,,28.59%,,,,,
15,6,31.48%,6.95%,8.11%,17.69%,15.95%,4.39%,-2.84%,4.65%,3.32%,,10.80%,,,,,
15,7,-3.06%,-27.92%,7.50%,6.24%,6.28%,-0.69%,-3.11%,6.11%,3.74%,,-23.20%,,,,,
15,8,30.23%,46.27%,5.38%,15.00%,18.93%,-0.17%,-8.56%,3.06%,3.11%,,12.50%,,,,,
15,9,7.49%,25.51%,3.43%,9.36%,11.31%,0.82%,-5.73%,2.90%,2.90%,,-11.85%,,,,,
15,10,9.97%,25.73%,3.00%,14.21%,15.47%,2.16%,17.68%,2.75%,2.72%,,32.94%,,,,,
16,1,31.24%,25.14%,7.47%,25.71%,23.86%,7.47%,6.00%,3.80%,3.88%,,56.72%,,,,,
16,2,18.49%,2.16%,5.97%,24.28%,21.35%,9.61%,18.96%,1.10%,3.38%,,69.94%,,,,,
16,3,5.81%,-14.03%,5.78%,-4.96%,2.81%,7.85%,24.53%,4.43%,3.71%,,24.93%,,,,,
16,4,16.54%,17.37%,6.67%,8.22%,14.38%,7.22%,-15.26%,4.42%,3.68%,,28.59%,,,,,
16,5,31.48%,6.95%,8.11%,17.69%,15.95%,4.39%,-2.84%,4.65%,3.32%,,10.80%,,,,,
16,6,-3.06%,-27.92%,7.50%,6.24%,6.28%,-0.69%,-3.11%,6.11%,3.74%,,-23.20%,,,,,
16,7,30.23%,46.27%,5.38%,15.00%,18.93%,-0.17%,-8.56%,3.06%,3.11%,,12.50%,,,,,
16,8,7.49%,25.51%,3.43%,9.36%,11.31%,0.82%,-5.73%,2.90%,2.90%,,-11.85%,,,,,
16,9,9.97%,25.73%,3.00%,14.21%,15.47%,2.16%,17.68%,2.75%,2.72%,,32.94%,,,,,
16,10,1.33%,-5.01%,4.25%,-8.04%,-0.97%,2.52%,-2.17%,2.67%,2.91%,,8.06%,,,,,
17,1,18.49%,2.16%,5.97%,24.28%,21.35%,9.61%,18.96%,1.10%,3.38%,,69.94%,,6.89,,,
17,2,5.81%,-14.03%,5.78%,-4.96%,2.81%,7.85%,24.53%,4.43%,3.71%,,24.93%,,10.5,,,
17,3,16.54%,17.37%,6.67%,8.22%,14.38%,7.22%,-15.26%,4.42%,3.68%,,28.59%,,13.54,,,
17,4,31.48%,6.95%,8.11%,17.69%,15.95%,4.39%,-2.84%,4.65%,3.32%,,10.80%,,26.17,,,
17,5,-3.06%,-27.92%,7.50%,6.24%,6.28%,-0.69%,-3.11%,6.11%,3.74%,,-23.20%,,-10.41,,,
17,6,30.23%,46.27%,5.38%,15.00%,18.93%,-0.17%,-8.56%,3.06%,3.11%,,12.50%,,64.99,,,
17,7,7.49%,25.51%,3.43%,9.36%,11.31%,0.82%,-5.73%,2.90%,2.90%,,-11.85%,,8.86,,,
17,8,9.97%,25.73%,3.00%,14.21%,15.47%,2.16%,17.68%,2.75%,2.72%,,32.94%,,10.58,,,
17,9,1.33%,-5.01%,4.25%,-8.04%,-0.97%,2.52%,-2.17%,2.67%,2.91%,,8.06%,,1.5,,,
17,10,37.20%,32.27%,5.49%,23.48%,21.29%,1.79%,0.98%,2.54%,2.30%,,11.55%,,42.54,,,
18,1,5.81%,-14.03%,5.78%,-4.96%,2.81%,7.85%,24.53%,4.43%,3.71%,,24.93%,,10.5,,,
18,2,16.54%,17.37%,6.67%,8.22%,14.38%,7.22%,-15.26%,4.42%,3.68%,,28.59%,,13.54,,,
18,3,31.48%,6.95%,8.11%,17.69%,15.95%,4.39%,-2.84%,4.65%,3.32%,,10.80%,,26.17,,,
18,4,-3.06%,-27.92%,7.50%,6.24%,6.28%,-0.69%,-3.11%,6.11%,3.74%,,-23.20%,,-10.41,,,
18,5,30.23%,46.27%,5.38%,15.00%,18.93%,-0.17%,-8.56%,3.06%,3.11%,,12.50%,,64.99,,,
18,6,7.49%,25.51%,3.43%,9.36%,11.31%,0.82%,-5.73%,2.90%,2.90%,,-11.85%,,8.86,,,
18,7,9.97%,25.73%,3.00%,14.21%,15.47%,2.16%,17.68%,2.75%,2.72%,,32.94%,,10.58,,,
18,8,1.33%,-5.01%,4.25%,-8.04%,-0.97%,2.52%,-2.17%,2.67%,2.91%,,8.06%,,1.5,,,
18,9,37.20%,32.27%,5.49%,23.48%,21.29%,1.79%,0.98%,2.54%,2.30%,,11.55%,,42.54,,,
18,10,22.68%,14.63%,5.01%,1.43%,3.42%,2.43%,-4.59%,3.32%,2.01%,,6.36%,,42.54,,,
19,1,16.54%,17.37%,6.67%,8.22%,14.38%,7.22%,-15.26%,4.42%,3.68%,,28.59%,40.43%,13.54,,,
19,2,31.48%,6.95%,8.11%,17.69%,15.95%,4.39%,-2.84%,4.65%,3.32%,,10.80%,64.96%,26.17,,,
19,3,-3.06%,-27.92%,7.50%,6.24%,6.28%,-0.69%,-3.11%,6.11%,3.74%,,-23.20%,-10.55%,-10.41,,,
19,4,30.23%,46.27%,5.38%,15.00%,18.93%,-0.17%,-8.56%,3.06%,3.11%,,12.50%,59.91%,64.99,,,
19,5,7.49%,25.51%,3.43%,9.36%,11.31%,0.82%,-5.73%,2.90%,2.90%,,-11.85%,11.40%,8.86,,,
19,6,9.97%,25.73%,3.00%,14.21%,15.47%,2.16%,17.68%,2.75%,2.72%,,32.94%,74.84%,10.58,,,
19,7,1.33%,-5.01%,4.25%,-8.04%,-0.97%,2.52%,-2.17%,2.67%,2.91%,,8.06%,-7.32%,1.5,,,
19,8,37.20%,32.27%,5.49%,23.48%,21.29%,1.79%,0.98%,2.54%,2.30%,,11.55%,-5.21%,42.54,,,
19,9,22.68%,14.63%,5.01%,1.43%,3.42%,2.43%,-4.59%,3.32%,2.01%,,6.36%,6.03%,42.54,,,
19,10,33.10%,22.17%,5.06%,9.94%,12.75%,4.02%,-21.41%,1.70%,1.60%,,2.06%,-11.59%,20.63,,,
20,1,31.48%,6.95%,8.11%,17.69%,15.95%,4.39%,-2.84%,4.65%,3.32%,,10.80%,64.96%,26.17,,,
20,2,-3.06%,-27.92%,7.50%,6.24%,6.28%,-0.69%,-3.11%,6.11%,3.74%,,-23.20%,-10.55%,-10.41,,,
20,3,30.23%,46.27%,5.38%,15.00%,18.93%,-0.17%,-8.56%,3.06%,3.11%,,12.50%,59.91%,64.99,,,
20,4,7.49%,25.51%,3.43%,9.36%,11.31%,0.82%,-5.73%,2.90%,2.90%,,-11.85%,11.40%,8.86,,,
20,5,9.97%,25.73%,3.00%,14.21%,15.47%,2.16%,17.68%,2.75%,2.72%,,32.94%,74.84%,10.58,,,
20,6,1.33%,-5.01%,4.25%,-8.04%,-0.97%,2.52%,-2.17%,2.67%,2.91%,,8.06%,-7.32%,1.5,,,
20,7,37.20%,32.27%,5.49%,23.48%,21.29%,1.79%,0.98%,2.54%,2.30%,,11.55%,-5.21%,42.54,,,
20,8,22.68%,14.63%,5.01%,1.43%,3.42%,2.43%,-4.59%,3.32%,2.01%,,6.36%,6.03%,42.54,,,
20,9,33.10%,22.17%,5.06%,9.94%,12.75%,4.02%,-21.41%,1.70%,1.60%,,2.06%,-11.59%,20.63,,,
20,10,28.34%,-13.46%,4.78%,14.92%,7.63%,6.44%,-0.83%,1.61%,1.32%,,20.33%,-25.34%,85.3,,,
21,1,-3.06%,-27.92%,7.50%,6.24%,6.28%,-0.69%,-3.11%,6.11%,3.74%,,-23.20%,-10.55%,-10.41,,,
21,2,30.23%,46.27%,5.38%,15.00%,18.93%,-0.17%,-8.56%,3.06%,3.11%,,12.50%,59.91%,64.99,,,
21,3,7.49%,25.51%,3.43%,9.36%,11.31%,0.82%,-5.73%,2.90%,2.90%,,-11.85%,11.40%,8.86,,,
21,4,9.97%,25.73%,3.00%,14.21%,15.47%,2.16%,17.68%,2.75%,2.72%,,32.94%,74.84%,10.58,,,
21,5,1.33%,-5.01%,4.25%,-8.04%,-0.97%,2.52%,-2.17%,2.67%,2.91%,,8.06%,-7.32%,1.5,,,
21,6,37.20%,32.27%,5.49%,23.48%,21.29%,1.79%,0.98%,2.54%,2.30%,,11.55%,-5.21%,42.54,,,
21,7,22.68%,14.63%,5.01%,1.43%,3.42%,2.43%,-4.59%,3.32%,2.01%,,6.36%,6.03%,42.54,,,
21,8,33.10%,22.17%,5.06%,9.94%,12.75%,4.02%,-21.41%,1.70%,1.60%,,2.06%,-11.59%,20.63,,,
21,9,28.34%,-13.46%,4.78%,14.92%,7.63%,6.44%,-0.83%,1.61%,1.32%,,20.33%,-25.34%,85.3,,,
21,10,20.89%,38.24%,4.64%,-8.25%,0.91%,7.68%,0.85%,2.68%,1.14%,,27.30%,66.41%,101.95,,,
22,1,30.23%,46.27%,5.38%,15.00%,18.93%,-0.17%,-8.56%,3.06%,3.11%,,12.50%,59.91%,64.99,,,
22,2,7.49%,25.51%,3.43%,9.36%,11.31%,0.82%,-5.73%,2.90%,2.90%,,-11.85%,11.40%,8.86,,,
22,3,9.97%,25.73%,3.00%,14.21%,15.47%,2.16%,17.68%,2.75%,2.72%,,32.94%,74.84%,10.58,,,
22,4,1.33%,-5.01%,4.25%,-8.04%,-0.97%,2.52%,-2.17%,2.67%,2.91%,,8.06%,-7.32%,1.5,,,
22,5,37.20%,32.27%,5.49%,23.48%,21.29%,1.79%,0.98%,2.54%,2.30%,,11.55%,-5.21%,42.54,,,
22,6,22.68%,14.63%,5.01%,1.43%,3.42%,2.43%,-4.59%,3.32%,2.01%,,6.36%,6.03%,42.54,,,
22,7,33.10%,22.17%,5.06%,9.94%,12.75%,4.02%,-21.41%,1.70%,1.60%,,2.06%,-11.59%,20.63,,,
22,8,28.34%,-13.46%,4.78%,14.92%,7.63%,6.44%,-0.83%,1.61%,1.32%,,20.33%,-25.34%,85.3,,,
22,9,20.89%,38.24%,4.64%,-8.25%,0.91%,7.68%,0.85%,2.68%,1.14%,,27.30%,66.41%,101.95,,,
22,10,-9.03%,-9.29%,5.82%,16.66%,9.39%,9.29%,-5.44%,3.39%,1.23%,,-13.96%,-30.61%,-36.84,,,
23,1,7.49%,25.51%,3.43%,9.36%,11.31%,0.82%,-5.73%,2.90%,2.90%,,-11.85%,11.40%,8.86,,,
23,2,9.97%,25.73%,3.00%,14.21%,15.47%,2.16%,17.68%,2.75%,2.72%,,32.94%,74.84%,10.58,,,
23,3,1.33%,-5.01%,4.25%,-8.04%,-0.97%,2.52%,-2.17%,2.67%,2.91%,,8.06%,-7.32%,1.5,,,
23,4,37.20%,32.27%,5.49%,23.48%,21.29%,1.79%,0.98%,2.54%,2.30%,,11.55%,-5.21%,42.54,,,
23,5,22.68%,14.63%,5.01%,1.43%,3.42%,2.43%,-4.59%,3.32%,2.01%,,6.36%,6.03%,42.54,,,
23,6,33.10%,22.17%,5.06%,9.94%,12.75%,4.02%,-21.41%,1.70%,1.60%,,2.06%,-11.59%,20.63,,,
23,7,28.34%,-13.46%,4.78%,14.92%,7.63%,6.44%,-0.83%,1.61%,1.32%,,20.33%,-25.34%,85.3,,,
23,8,20.89%,38.24%,4.64%,-8.25%,0.91%,7.68%,0.85%,2.68%,1.14%,,27.30%,66.41%,101.95,,,
23,9,-9.03%,-9.29%,5.82%,16.66%,9.39%,9.29%,-5.44%,3.39%,1.23%,,-13.96%,-30.61%,-36.84,,,
23,10,-11.85%,32.14%,3.40%,5.57%,8.54%,6.68%,0.75%,1.55%,1.37%,,-21.21%,-2.37%,-32.65,,,
24,1,9.97%,25.73%,3.00%,14.21%,15.47%,2.16%,17.68%,2.75%,2.72%,,32.94%,74.84%,10.58,,,
24,2,1.33%,-5.01%,4.25%,-8.04%,-0.97%,2.52%,-2.17%,2.67%,2.91%,,8.06%,-7.32%,1.5,,,
24,3,37.20%,32.27%,5.49%,23.48%,21.29%,1.79%,0.98%,2.54%,2.30%,,11.55%,-5.21%,42.54,,,
24,4,22.68%,14.63%,5.01%,1.43%,3.42%,2.43%,-4.59%,3.32%,2.01%,,6.36%,6.03%,42.54,,,
24,5,33.10%,22.17%,5.06%,9.94%,12.75%,4.02%,-21.41%,1.70%,1.60%,,2.06%,-11.59%,20.63,,,
24,6,28.34%,-13.46%,4.78%,14.92%,7.63%,6.44%,-0.83%,1.61%,1.32%,,20.33%,-25.34%,85.3,,,
24,7,20.89%,38.24%,4.64%,-8.25%,0.91%,7.68%,0.85%,2.68%,1.14%,,27.30%,66.41%,101.95,,,
24,8,-9.03%,-9.29%,5.82%,16.66%,9.39%,9.29%,-5.44%,3.39%,1.23%,,-13.96%,-30.61%,-36.84,,,
24,9,-11.85%,32.14%,3.40%,5.57%,8.54%,6.68%,0.75%,1.55%,1.37%,,-21.21%,-2.37%,-32.65,,,
24,10,-21.97%,-3.58%,1.61%,15.12%,12.14%,9.56%,25.57%,2.38%,1.81%,,-15.66%,-6.00%,-37.58,,,
25,1,1.33%,-5.01%,4.25%,-8.04%,-0.97%,2.52%,-2.17%,2.67%,2.91%,,8.06%,-7.32%,1.5,,,
25,2,37.20%,32.27%,5.49%,23.48%,21.29%,1.79%,0.98%,2.54%,2.30%,,11.55%,-5.21%,42.54,,,
25,3,22.68%,14.63%,5.01%,1.43%,3.42%,2.43%,-4.59%,3.32%,2.01%,,6.36%,6.03%,42.54,,,
25,4,33.10%,22.17%,5.06%,9.94%,12.75%,4.02%,-21.41%,1.70%,1.60%,,2.06%,-11.59%,20.63,,,
25,5,28.34%,-13.46%,4.78%,14.92%,7.63%,6.44%,-0.83%,1.61%,1.32%,,20.33%,-25.34%,85.3,,,
25,6,20.89%,38.24%,4.64%,-8.25%,0.91%,7.68%,0.85%,2.68%,1.14%,,27.30%,66.41%,101.95,,,
25,7,-9.03%,-9.29%,5.82%,16.66%,9.39%,9.29%,-5.44%,3.39%,1.23%,,-13.96%,-30.61%,-36.84,,,
25,8,-11.85%,32.14%,3.40%,5.57%,8.54%,6.68%,0.75%,1.55%,1.37%,,-21.21%,-2.37%,-32.65,,,
25,9,-21.97%,-3.58%,1.61%,15.12%,12.14%,9.56%,25.57%,2.38%,1.81%,,-15.66%,-6.00%,-37.58,,,
25,10,28.36%,91.91%,1.01%,0.38%,12.32%,9.81%,19.89%,1.88%,1.61%,,39.17%,56.28%,49.12,,,
26,1,37.20%,32.27%,5.49%,23.48%,21.29%,1.79%,0.98%,2.54%,2.30%,,11.55%,-5.21%,42.54,,,
26,2,22.68%,14.63%,5.01%,1.43%,3.42%,2.43%,-4.59%,3.32%,2.01%,,6.36%,6.03%,42.54,,,
26,3,33.10%,22.17%,5.06%,9.94%,12.75%,4.02%,-21.41%,1.70%,1.60%,,2.06%,-11.59%,20.63,,,
26,4,28.34%,-13.46%,4.78%,14.92%,7.63%,6.44%,-0.83%,1.61%,1.32%,,20.33%,-25.34%,85.3,,,
26,5,20.89%,38.24%,4.64%,-8.25%,0.91%,7.68%,0.85%,2.68%,1.14%,,27.30%,66.41%,101.95,,,
26,6,-9.03%,-9.29%,5.82%,16.66%,9.39%,9.29%,-5.44%,3.39%,1.23%,,-13.96%,-30.61%,-36.84,,,
26,7,-11.85%,32.14%,3.40%,5.57%,8.54%,6.68%,0.75%,1.55%,1.37%,,-21.21%,-2.37%,-32.65,,,
26,8,-21.97%,-3.58%,1.61%,15.12%,12.14%,9.56%,25.57%,2.38%,1.81%,,-15.66%,-6.00%,-37.58,,,
26,9,28.36%,91.91%,1.01%,0.38%,12.32%,9.81%,19.89%,1.88%,1.61%,,39.17%,56.28%,49.12,,,
26,10,10.74%,17.49%,1.37%,4.49%,10.35%,13.64%,4.65%,3.26%,1.57%,,20.70%,25.95%,10.44,,,
27,1,22.68%,14.63%,5.01%,1.43%,3.42%,2.43%,-4.59%,3.32%,2.01%,,6.36%,6.03%,42.54,,,
27,2,33.10%,22.17%,5.06%,9.94%,12.75%,4.02%,-21.41%,1.70%,1.60%,,2.06%,-11.59%,20.63,,,
27,3,28.34%,-13.46%,4.78%,14.92%,7.63%,6.44%,-0.83%,1.61%,1.32%,,20.33%,-25.34%,85.3,,,
27,4,20.89%,38.24%,4.64%,-8.25%,0.91%,7.68%,0.85%,2.68%,1.14%,,27.30%,66.41%,101.95,,,
27,5,-9.03%,-9.29%,5.82%,16.66%,9.39%,9.29%,-5.44%,3.39%,1.23%,,-13.96%,-30.61%,-36.84,,,
27,6,-11.85%,32.14%,3.40%,5.57%,8.54%,6.68%,0.75%,1.55%,1.37%,,-21.21%,-2.37%,-32.65,,,
27,7,-21.97%,-3.58%,1.61%,15.12%,12.14%,9.56%,25.57%,2.38%,1.81%,,-15.66%,-6.00%,-37.58,,,
27,8,28.36%,91.91%,1.01%,0.38%,12.32%,9.81%,19.89%,1.88%,1.61%,,39.17%,56.28%,49.12,,,
27,9,10.74%,17.49%,1.37%,4.49%,10.35%,13.64%,4.65%,3.26%,1.57%,,20.70%,25.95%,10.44,,,
27,10,4.83%,3.93%,3.15%,2.87%,5.30%,13.51%,17.77%,3.42%,1.79%,,14.02%,34.54%,1.49,,,
28,1,33.10%,22.17%,5.06%,9.94%,12.75%,4.02%,-21.41%,1.70%,1.60%,,2.06%,-11.59%,20.63,,,
28,2,28.34%,-13.46%,4.78%,14.92%,7.63%,6.44%,-0.83%,1.61%,1.32%,,20.33%,-25.34%,85.3,,,
28,3,20.89%,38.24%,4.64%,-8.25%,0.91%,7.68%,0.85%,2.68%,1.14%,,27.30%,66.41%,101.95,,,
28,4,-9.03%,-9.29%,5.82%,16.66%,9.39%,9.29%,-5.44%,3.39%,1.23%,,-13.96%,-30.61%,-36.84,,,
28,5,-11.85%,32.14%,3.40%,5.57%,8.54%,6.68%,0.75%,1.55%,1.37%,,-21.21%,-2.37%,-32.65,,,
28,6,-21.97%,-3.58%,1.61%,15.12%,12.14%,9.56%,25.57%,2.38%,1.81%,,-15.66%,-6.00%,-37.58,,,
28,7,28.36%,91.91%,1.01%,0.38%,12.32%,9.81%,19.89%,1.88%,1.61%,,39.17%,56.28%,49.12,,,
28,8,10.74%,17.49%,1.37%,4.49%,10.35%,13.64%,4.65%,3.26%,1.57%,,20.70%,25.95%,10.44,,,
28,9,4.83%,3.93%,3.15%,2.87%,5.30%,13.51%,17.77%,3.42%,1.79%,,14.02%,34.54%,1.49,,,
28,10,15.61%,18.47%,4.73%,1.96%,5.20%,1.73%,23.20%,2.54%,1.77%,,26.86%,32.55%,6.79,,,
29,1,28.34%,-13.46%,4.78%,14.92%,7.63%,6.44%,-0.83%,1.61%,1.32%,,20.33%,-25.34%,85.3,,,
29,2,20.89%,38.24%,4.64%,-8.25%,0.91%,7.68%,0.85%,2.68%,1.14%,,27.30%,66.41%,101.95,,,
29,3,-9.03%,-9.29%,5.82%,16.66%,9.39%,9.29%,-5.44%,3.39%,1.23%,,-13.96%,-30.61%,-36.84,,,
29,4,-11.85%,32.14%,3.40%,5.57%,8.54%,6.68%,0.75%,1.55%,1.37%,,-21.21%,-2.37%,-32.65,,,
29,5,-21.97%,-3.58%,1.61%,15.12%,12.14%,9.56%,25.57%,2.38%,1.81%,,-15.66%,-6.00%,-37.58,,,
29,6,28.36%,91.91%,1.01%,0.38%,12.32%,9.81%,19.89%,1.88%,1.61%,,39.17%,56.28%,49.12,,,
29,7,10.74%,17.49%,1.37%,4.49%,10.35%,13.64%,4.65%,3.26%,1.57%,,20.70%,25.95%,10.44,,,
29,8,4.83%,3.93%,3.15%,2.87%,5.30%,13.51%,17.77%,3.42%,1.79%,,14.02%,34.54%,1.49,,,
29,9,15.61%,18.47%,4.73%,1.96%,5.20%,1.73%,23.20%,2.54%,1.77%,,26.86%,32.55%,6.79,,,
29,10,5.48%,-9.15%,4.36%,10.21%,4.84%,-5.40%,31.92%,4.08%,1.92%,,11.63%,39.82%,18.67,,,
30,1,20.89%,38.24%,4.64%,-8.25%,0.91%,7.68%,0.85%,2.68%,1.14%,,27.30%,66.41%,101.95,,,
30,2,-9.03%,-9.29%,5.82%,16.66%,9.39%,9.29%,-5.44%,3.39%,1.23%,,-13.96%,-30.61%,-36.84,,,
30,3,-11.85%,32.14%,3.40%,5.57%,8.54%,6.68%,0.75%,1.55%,1.37%,,-21.21%,-2.37%,-32.65,,,
30,4,-21.97%,-3.58%,1.61%,15.12%,12.14%,9.56%,25.57%,2.38%,1.81%,,-15.66%,-6.00%,-37.58,,,
30,5,28.36%,91.91%,1.01%,0.38%,12.32%,9.81%,19.89%,1.88%,1.61%,,39.17%,56.28%,49.12,,,
30,6,10.74%,17.49%,1.37%,4.49%,10.35%,13.64%,4.65%,3.26%,1.57%,,20.70%,25.95%,10.44,,,
30,7,4.83%,3.93%,3.15%,2.87%,5.30%,13.51%,17.77%,3.42%,1.79%,,14.02%,34.54%,1.49,,,
30,8,15.61%,18.47%,4.73%,1.96%,5.20%,1.73%,23.20%,2.54%,1.77%,,26.86%,32.55%,6.79,,,
30,9,5.48%,-9.15%,4.36%,10.21%,4.84%,-5.40%,31.92%,4.08%,1.92%,,11.63%,39.82%,18.67,,,
30,10,-36.55%,-44.84%,1.37%,20.10%,-3.54%,-12.00%,4.32%,0.09%,3.15%,,-43.06%,-53.18%,-41.89,,,
31,1,-9.03%,-9.29%,5.82%,16.66%,9.39%,9.29%,-5.44%,3.39%,1.23%,,-13.96%,-30.61%,-36.84,,,
31,2,-11.85%,32.14%,3.40%,5.57%,8.54%,6.68%,0.75%,1.55%,1.37%,,-21.21%,-2.37%,-32.65,,,
31,3,-21.97%,-3.58%,1.61%,15.12%,12.14%,9.56%,25.57%,2.38%,1.81%,,-15.66%,-6.00%,-37.58,,,
31,4,28.36%,91.91%,1.01%,0.38%,12.32%,9.81%,19.89%,1.88%,1.61%,,39.17%,56.28%,49.12,,,
31,5,10.74%,17.49%,1.37%,4.49%,10.35%,13.64%,4.65%,3.26%,1.57%,,20.70%,25.95%,10.44,,,
31,6,4.83%,3.93%,3.15%,2.87%,5.30%,13.51%,17.77%,3.42%,1.79%,,14.02%,34.54%,1.49,,,
31,7,15.61%,18.47%,4.73%,1.96%,5.20%,1.73%,23.20%,2.54%,1.77%,,26.86%,32.55%,6.79,,,
31,8,5.48%,-9.15%,4.36%,10.21%,4.84%,-5.40%,31.92%,4.08%,1.92%,,11.63%,39.82%,18.67,,,
31,9,-36.55%,-44.84%,1.37%,20.10%,-3.54%,-12.00%,4.32%,0.09%,3.15%,,-43.06%,-53.18%,-41.89,,,
31,10,25.94%,47.48%,0.15%,-11.12%,20.21%,-3.85%,25.04%,2.72%,1.97%,,32.46%,79.02%,53.54,,,
32,1,-11.85%,32.14%,3.40%,5.57%,8.54%,6.68%,0.75%,1.55%,1.37%,,-21.21%,-2.37%,-32.65,,,
32,2,-21.97%,-3.58%,1.61%,15.12%,12.14%,9.56%,25.57%,2.38%,1.81%,,-15.66%,-6.00%,-37.58,,,
32,3,28.36%,91.91%,1.01%,0.38%,12.32%,9.81%,19.89%,1.88%,1.61%,,39.17%,56.28%,49.12,,,
32,4,10.74%,17.49%,1.37%,4.49%,10.35%,13.64%,4.65%,3.26%,1.57%,,20.70%,25.95%,10.44,,,
32,5,4.83%,3.93%,3.15%,2.87%,5.30%,13.51%,17.77%,3.42%,1.79%,,14.02%,34.54%,1.49,,,
32,6,15.61%,18.47%,4.73%,1.96%,5.20%,1.73%,23.20%,2.54%,1.77%,,26.86%,32.55%,6.79,,,
32,7,5.48%,-9.15%,4.36%,10.21%,4.84%,-5.40%,31.92%,4.08%,1.92%,,11.63%,39.82%,18.67,,,
32,8,-36.55%,-44.84%,1.37%,20.10%,-3.54%,-12.00%,4.32%,0.09%,3.15%,,-43.06%,-53.18%,-41.89,,,
32,9,25.94%,47.48%,0.15%,-11.12%,20.21%,-3.85%,25.04%,2.72%,1.97%,,32.46%,79.02%,53.54,,,
32,10,14.82%,28.24%,0.14%,8.46%,9.41%,-4.12%,29.24%,1.50%,1.80%,478.28%,8.21%,19.20%,19.22,,,
33,1,-21.97%,-3.58%,1.61%,15.12%,12.14%,9.56%,25.57%,2.38%,1.81%,,-15.66%,-6.00%,-37.58,,,
33,2,28.36%,91.91%,1.01%,0.38%,12.32%,9.81%,19.89%,1.88%,1.61%,,39.17%,56.28%,49.12,,,
33,3,10.74%,17.49%,1.37%,4.49%,10.35%,13.64%,4.65%,3.26%,1.57%,,20.70%,25.95%,10.44,,,
33,4,4.83%,3.93%,3.15%,2.87%,5.30%,13.51%,17.77%,3.42%,1.79%,,14.02%,34.54%,1.49,,,
33,5,15.61%,18.47%,4.73%,1.96%,5.20%,1.73%,23.20%,2.54%,1.77%,,26.86%,32.55%,6.79,,,
33,6,5.48%,-9.15%,4.36%,10.21%,4.84%,-5.40%,31.92%,4.08%,1.92%,,11.63%,39.82%,18.67,,,
33,7,-36.55%,-44.84%,1.37%,20.10%,-3.54%,-12.00%,4.32%,0.09%,3.15%,,-43.06%,-53.18%,-41.89,,,
33,8,25.94%,47.48%,0.15%,-11.12%,20.21%,-3.85%,25.04%,2.72%,1.97%,,32.46%,79.02%,53.54,,,
33,9,14.82%,28.24%,0.14%,8.46%,9.41%,-4.12%,29.24%,1.50%,1.80%,478.28%,8.21%,19.20%,19.22,,,
33,10,2.10%,-14.15%,0.05%,16.04%,12.26%,-3.89%,12.02%,2.96%,2.11%,1610.00%,-11.73%,-18.17%,2.7,,,
34,1,28.36%,91.91%,1.01%,0.38%,12.32%,9.81%,19.89%,1.88%,1.61%,,39.17%,56.28%,49.12,,,
34,2,10.74%,17.49%,1.37%,4.49%,10.35%,13.64%,4.65%,3.26%,1.57%,,20.70%,25.95%,10.44,,,
34,3,4.83%,3.93%,3.15%,2.87%,5.30%,13.51%,17.77%,3.42%,1.79%,,14.02%,34.54%,1.49,,,
34,4,15.61%,18.47%,4.73%,1.96%,5.20%,1.73%,23.20%,2.54%,1.77%,,26.86%,32.55%,6.79,,,
34,5,5.48%,-9.15%,4.36%,10.21%,4.84%,-5.40%,31.92%,4.08%,1.92%,,11.63%,39.82%,18.67,,,
34,6,-36.55%,-44.84%,1.37%,20.10%,-3.54%,-12.00%,4.32%,0.09%,3.15%,,-43.06%,-53.18%,-41.89,,,
34,7,25.94%,47.48%,0.15%,-11.12%,20.21%,-3.85%,25.04%,2.72%,1.97%,,32.46%,79.02%,53.54,,,
34,8,14.82%,28.24%,0.14%,8.46%,9.41%,-4.12%,29.24%,1.50%,1.80%,478.28%,8.21%,19.20%,19.22,,,
34,9,2.10%,-14.15%,0.05%,16.04%,12.26%,-3.89%,12.02%,2.96%,2.11%,1610.00%,-11.73%,-18.17%,2.7,,,
34,10,15.89%,18.73%,0.09%,2.97%,9.33%,6.44%,5.68%,1.74%,2.19%,163%,17.90%,18.63%,16.82,,,
35,1,10.74%,17.49%,1.37%,4.49%,10.35%,13.64%,4.65%,3.26%,1.57%,,20.70%,25.95%,10.44,,,
35,2,4.83%,3.93%,3.15%,2.87%,5.30%,13.51%,17.77%,3.42%,1.79%,,14.02%,34.54%,1.49,,,
35,3,15.61%,18.47%,4.73%,1.96%,5.20%,1.73%,23.20%,2.54%,1.77%,,26.86%,32.55%,6.79,,,
35,4,5.48%,-9.15%,4.36%,10.21%,4.84%,-5.40%,31.92%,4.08%,1.92%,,11.63%,39.82%,18.67,,,
35,5,-36.55%,-44.84%,1.37%,20.10%,-3.54%,-12.00%,4.32%,0.09%,3.15%,,-43.06%,-53.18%,-41.89,,,
35,6,25.94%,47.48%,0.15%,-11.12%,20.21%,-3.85%,25.04%,2.72%,1.97%,,32.46%,79.02%,53.54,,,
35,7,14.82%,28.24%,0.14%,8.46%,9.41%,-4.12%,29.24%,1.50%,1.80%,478.28%,8.21%,19.20%,19.22,,,
35,8,2.10%,-14.15%,0.05%,16.04%,12.26%,-3.89%,12.02%,2.96%,2.11%,1610.00%,-11.73%,-18.17%,2.7,,,
35,9,15.89%,18.73%,0.09%,2.97%,9.33%,6.44%,5.68%,1.74%,2.19%,163%,17.90%,18.63%,16.82,,,
35,10,32.15%,50.68%,0.06%,-9.10%,-0.98%,10.72%,-27.61%,1.50%,1.89%,5614.07%,23.29%,-2.27%,34.99,,,
36,1,4.83%,3.93%,3.15%,2.87%,5.30%,13.51%,17.77%,3.42%,1.79%,,14.02%,34.54%,1.49,,,
36,2,15.61%,18.47%,4.73%,1.96%,5.20%,1.73%,23.20%,2.54%,1.77%,,26.86%,32.55%,6.79,,,
36,3,5.48%,-9.15%,4.36%,10.21%,4.84%,-5.40%,31.92%,4.08%,1.92%,,11.63%,39.82%,18.67,,,
36,4,-36.55%,-44.84%,1.37%,20.10%,-3.54%,-12.00%,4.32%,0.09%,3.15%,,-43.06%,-53.18%,-41.89,,,
36,5,25.94%,47.48%,0.15%,-11.12%,20.21%,-3.85%,25.04%,2.72%,1.97%,,32.46%,79.02%,53.54,,,
36,6,14.82%,28.24%,0.14%,8.46%,9.41%,-4.12%,29.24%,1.50%,1.80%,478.28%,8.21%,19.20%,19.22,,,
36,7,2.10%,-14.15%,0.05%,16.04%,12.26%,-3.89%,12.02%,2.96%,2.11%,1610.00%,-11.73%,-18.17%,2.7,,,
36,8,15.89%,18.73%,0.09%,2.97%,9.33%,6.44%,5.68%,1.74%,2.19%,163%,17.90%,18.63%,16.82,,,
36,9,32.15%,50.68%,0.06%,-9.10%,-0.98%,10.72%,-27.61%,1.50%,1.89%,5614.07%,23.29%,-2.27%,34.99,,,
36,10,13.52%,1.59%,0.03%,10.75%,10.78%,4.50%,0.12%,0.76%,1.92%,-59.26%,-4.48%,-1.82%,17.94,,,
37,1,15.61%,18.47%,4.73%,1.96%,5.20%,1.73%,23.20%,2.54%,1.77%,,26.86%,32.55%,6.79,,,
37,2,5.48%,-9.15%,4.36%,10.21%,4.84%,-5.40%,31.92%,4.08%,1.92%,,11.63%,39.82%,18.67,,,
37,3,-36.55%,-44.84%,1.37%,20.10%,-3.54%,-12.00%,4.32%,0.09%,3.15%,,-43.06%,-53.18%,-41.89,,,
37,4,25.94%,47.48%,0.15%,-11.12%,20.21%,-3.85%,25.04%,2.72%,1.97%,,32.46%,79.02%,53.54,,,
37,5,14.82%,28.24%,0.14%,8.46%,9.41%,-4.12%,29.24%,1.50%,1.80%,478.28%,8.21%,19.20%,19.22,,,
37,6,2.10%,-14.15%,0.05%,16.04%,12.26%,-3.89%,12.02%,2.96%,2.11%,1610.00%,-11.73%,-18.17%,2.7,,,
37,7,15.89%,18.73%,0.09%,2.97%,9.33%,6.44%,5.68%,1.74%,2.19%,163%,17.90%,18.63%,16.82,,,
37,8,32.15%,50.68%,0.06%,-9.10%,-0.98%,10.72%,-27.61%,1.50%,1.89%,5614.07%,23.29%,-2.27%,34.99,,,
37,9,13.52%,1.59%,0.03%,10.75%,10.78%,4.50%,0.12%,0.76%,1.92%,-59.26%,-4.48%,-1.82%,17.94,,,
37,10,1.38%,-9.21%,0.05%,1.28%,-1.50%,5.19%,-12.11%,0.73%,2.12%,69.58%,-0.39%,-14.60%,8.43,,,
38,1,5.48%,-9.15%,4.36%,10.21%,4.84%,-5.40%,31.92%,4.08%,1.92%,,11.63%,39.82%,18.67,,,
38,2,-36.55%,-44.84%,1.37%,20.10%,-3.54%,-12.00%,4.32%,0.09%,3.15%,,-43.06%,-53.18%,-41.89,,,
38,3,25.94%,47.48%,0.15%,-11.12%,20.21%,-3.85%,25.04%,2.72%,1.97%,,32.46%,79.02%,53.54,,,
38,4,14.82%,28.24%,0.14%,8.46%,9.41%,-4.12%,29.24%,1.50%,1.80%,478.28%,8.21%,19.20%,19.22,,,
38,5,2.10%,-14.15%,0.05%,16.04%,12.26%,-3.89%,12.02%,2.96%,2.11%,1610.00%,-11.73%,-18.17%,2.7,,,
38,6,15.89%,18.73%,0.09%,2.97%,9.33%,6.44%,5.68%,1.74%,2.19%,163%,17.90%,18.63%,16.82,,,
38,7,32.15%,50.68%,0.06%,-9.10%,-0.98%,10.72%,-27.61%,1.50%,1.89%,5614.07%,23.29%,-2.27%,34.99,,,
38,8,13.52%,1.59%,0.03%,10.75%,10.78%,4.50%,0.12%,0.76%,1.92%,-59.26%,-4.48%,-1.82%,17.94,,,
38,9,1.38%,-9.21%,0.05%,1.28%,-1.50%,5.19%,-12.11%,0.73%,2.12%,69.58%,-0.39%,-14.60%,8.43,,,
38,10,11.77%,17.50%,0.32%,0.69%,11.52%,5.31%,8.10%,2.07%,2.04%,163.15%,1.51%,11.60%,5.89,,,
39,1,-36.55%,-44.84%,1.37%,20.10%,-3.54%,-12.00%,4.32%,0.09%,3.15%,,-43.06%,-53.18%,-41.89,,,
39,2,25.94%,47.48%,0.15%,-11.12%,20.21%,-3.85%,25.04%,2.72%,1.97%,,32.46%,79.02%,53.54,,,
39,3,14.82%,28.24%,0.14%,8.46%,9.41%,-4.12%,29.24%,1.50%,1.80%,478.28%,8.21%,19.20%,19.22,,,
39,4,2.10%,-14.15%,0.05%,16.04%,12.26%,-3.89%,12.02%,2.96%,2.11%,1610.00%,-11.73%,-18.17%,2.7,,,
39,5,15.89%,18.73%,0.09%,2.97%,9.33%,6.44%,5.68%,1.74%,2.19%,163%,17.90%,18.63%,16.82,,,
39,6,32.15%,50.68%,0.06%,-9.10%,-0.98%,10.72%,-27.61%,1.50%,1.89%,5614.07%,23.29%,-2.27%,34.99,,,
39,7,13.52%,1.59%,0.03%,10.75%,10.78%,4.50%,0.12%,0.76%,1.92%,-59.26%,-4.48%,-1.82%,17.94,,,
39,8,1.38%,-9.21%,0.05%,1.28%,-1.50%,5.19%,-12.11%,0.73%,2.12%,69.58%,-0.39%,-14.60%,8.43,,,
39,9,11.77%,17.50%,0.32%,0.69%,11.52%,5.31%,8.10%,2.07%,2.04%,163.15%,1.51%,11.60%,5.89,,,
39,10,21.61%,15.47%,0.93%,2.80%,9.23%,6.21%,12.66%,2.11%,1.83%,953.29%,25.62%,37.75%,31.52,,,
40,1,25.94%,47.48%,0.15%,-11.12%,20.21%,-3.85%,25.04%,2.72%,1.97%,,32.46%,79.02%,53.54,,,
40,2,14.82%,28.24%,0.14%,8.46%,9.41%,-4.12%,29.24%,1.50%,1.80%,478.28%,8.21%,19.20%,19.22,,,
40,3,2.10%,-14.15%,0.05%,16.04%,12.26%,-3.89%,12.02%,2.96%,2.11%,1610.00%,-11.73%,-18.17%,2.7,,,
40,4,15.89%,18.73%,0.09%,2.97%,9.33%,6.44%,5.68%,1.74%,2.19%,163%,17.90%,18.63%,16.82,,,
40,5,32.15%,50.68%,0.06%,-9.10%,-0.98%,10.72%,-27.61%,1.50%,1.89%,5614.07%,23.29%,-2.27%,34.99,,,
40,6,13.52%,1.59%,0.03%,10.75%,10.78%,4.50%,0.12%,0.76%,1.92%,-59.26%,-4.48%,-1.82%,17.94,,,
40,7,1.38%,-9.21%,0.05%,1.28%,-1.50%,5.19%,-12.11%,0.73%,2.12%,69.58%,-0.39%,-14.60%,8.43,,,
40,8,11.77%,17.50%,0.32%,0.69%,11.52%,5.31%,8.10%,2.07%,2.04%,163.15%,1.51%,11.60%,5.89,,,
40,9,21.61%,15.47%,0.93%,2.80%,9.23%,6.21%,12.66%,2.11%,1.83%,953.29%,25.62%,37.75%,31.52,,,
40,10,-4.23%,-16.26%,1.94%,-0.02%,-3.27%,4.52%,-0.93%,1.91%,2.14%,-66%,-13.36%,-14.25%,-1.04,-90%,-73%,
41,1,14.82%,28.24%,0.14%,8.46%,9.41%,-4.12%,29.24%,1.50%,1.80%,478.28%,8.21%,19.20%,19.22,,,
41,2,2.10%,-14.15%,0.05%,16.04%,12.26%,-3.89%,12.02%,2.96%,2.11%,1610.00%,-11.73%,-18.17%,2.7,,,
41,3,15.89%,18.73%,0.09%,2.97%,9.33%,6.44%,5.68%,1.74%,2.19%,163%,17.90%,18.63%,16.82,,,
41,4,32.15%,50.68%,0.06%,-9.10%,-0.98%,10.72%,-27.61%,1.50%,1.89%,5614.07%,23.29%,-2.27%,34.99,,,
41,5,13.52%,1.59%,0.03%,10.75%,10.78%,4.50%,0.12%,0.76%,1.92%,-59.26%,-4.48%,-1.82%,17.94,,,
41,6,1.38%,-9.21%,0.05%,1.28%,-1.50%,5.19%,-12.11%,0.73%,2.12%,69.58%,-0.39%,-14.60%,8.43,,,
41,7,11.77%,17.50%,0.32%,0.69%,11.52%,5.31%,8.10%,2.07%,2.04%,163.15%,1.51%,11.60%,5.89,,,
41,8,21.61%,15.47%,0.93%,2.80%,9.23%,6.21%,12.66%,2.11%,1.83%,953.29%,25.62%,37.75%,31.52,,,
41,9,-4.23%,-16.26%,1.94%,-0.02%,-3.27%,4.52%,-0.93%,1.91%,2.14%,-66%,-13.36%,-14.25%,-1.04,-90%,-73%,
41,10,31.21%,12.27%,2.06%,9.64%,15.25%,3.69%,19.08%,2.29%,1.82%,170%,22.66%,18.88%,37.96,68%,-23%,
42,1,2.10%,-14.15%,0.05%,16.04%,12.26%,-3.89%,12.02%,2.96%,2.11%,1610.00%,-11.73%,-18.17%,2.7,,,
42,2,15.89%,18.73%,0.09%,2.97%,9.33%,6.44%,5.68%,1.74%,2.19%,163%,17.90%,18.63%,16.82,,,
42,3,32.15%,50.68%,0.06%,-9.10%,-0.98%,10.72%,-27.61%,1.50%,1.89%,5614.07%,23.29%,-2.27%,34.99,,,
42,4,13.52%,1.59%,0.03%,10.75%,10.78%,4.50%,0.12%,0.76%,1.92%,-59.26%,-4.48%,-1.82%,17.94,,,
42,5,1.38%,-9.21%,0.05%,1.28%,-1.50%,5.19%,-12.11%,0.73%,2.12%,69.58%,-0.39%,-14.60%,8.43,,,
42,6,11.77%,17.50%,0.32%,0.69%,11.52%,5.31%,8.10%,2.07%,2.04%,163.15%,1.51%,11.60%,5.89,,,
42,7,21.61%,15.47%,0.93%,2.80%,9.23%,6.21%,12.66%,2.11%,1.83%,953.29%,25.62%,37.75%,31.52,,,
42,8,-4.23%,-16.26%,1.94%,-0.02%,-3.27%,4.52%,-0.93%,1.91%,2.14%,-66%,-13.36%,-14.25%,-1.04,-90%,-73%,
42,9,31.21%,12.27%,2.06%,9.64%,15.25%,3.69%,19.08%,2.29%,1.82%,170%,22.66%,18.88%,37.96,68%,-23%,
42,10,18.02%,34.73%,0.35%,11.33%,10.60%,10.43%,24.17%,1.36%,1.51%,254%,8.28%,18.69%,47.58,630%,106%,
43,1,15.89%,18.73%,0.09%,2.97%,9.33%,6.44%,5.68%,1.74%,2.19%,163%,17.90%,18.63%,16.82,,,
43,2,32.15%,50.68%,0.06%,-9.10%,-0.98%,10.72%,-27.61%,1.50%,1.89%,5614.07%,23.29%,-2.27%,34.99,,,
43,3,13.52%,1.59%,0.03%,10.75%,10.78%,4.50%,0.12%,0.76%,1.92%,-59.26%,-4.48%,-1.82%,17.94,,,
43,4,1.38%,-9.21%,0.05%,1.28%,-1.50%,5.19%,-12.11%,0.73%,2.12%,69.58%,-0.39%,-14.60%,8.43,,,
43,5,11.77%,17.50%,0.32%,0.69%,11.52%,5.31%,8.10%,2.07%,2.04%,163.15%,1.51%,11.60%,5.89,,,
43,6,21.61%,15.47%,0.93%,2.80%,9.23%,6.21%,12.66%,2.11%,1.83%,953.29%,25.62%,37.75%,31.52,,,
43,7,-4.23%,-16.26%,1.94%,-0.02%,-3.27%,4.52%,-0.93%,1.91%,2.14%,-66%,-13.36%,-14.25%,-1.04,-90%,-73%,
43,8,31.21%,12.27%,2.06%,9.64%,15.25%,3.69%,19.08%,2.29%,1.82%,170%,22.66%,18.88%,37.96,68%,-23%,
43,9,18.02%,34.73%,0.35%,11.33%,10.60%,10.43%,24.17%,1.36%,1.51%,254%,8.28%,18.69%,47.58,630%,106%,
43,10,28.47%,21.69%,0.05%,-4.42%,0.93%,18.86%,-3.75%,7.04%,1.24%,16%,11.78%,-2.22%,26.63,104%,26%,2241%
44,1,32.15%,50.68%,0.06%,-9.10%,-0.98%,10.72%,-27.61%,1.50%,1.89%,5614.07%,23.29%,-2.27%,34.99,,,
44,2,13.52%,1.59%,0.03%,10.75%,10.78%,4.50%,0.12%,0.76%,1.92%,-59.26%,-4.48%,-1.82%,17.94,,,
44,3,1.38%,-9.21%,0.05%,1.28%,-1.50%,5.19%,-12.11%,0.73%,2.12%,69.58%,-0.39%,-14.60%,8.43,,,
44,4,11.77%,17.50%,0.32%,0.69%,11.52%,5.31%,8.10%,2.07%,2.04%,163.15%,1.51%,11.60%,5.89,,,
44,5,21.61%,15.47%,0.93%,2.80%,9.23%,6.21%,12.66%,2.11%,1.83%,953.29%,25.62%,37.75%,31.52,,,
44,6,-4.23%,-16.26%,1.94%,-0.02%,-3.27%,4.52%,-0.93%,1.91%,2.14%,-66%,-13.36%,-14.25%,-1.04,-90%,-73%,
44,7,31.21%,12.27%,2.06%,9.64%,15.25%,3.69%,19.08%,2.29%,1.82%,170%,22.66%,18.88%,37.96,68%,-23%,
44,8,18.02%,34.73%,0.35%,11.33%,10.60%,10.43%,24.17%,1.36%,1.51%,254%,8.28%,18.69%,47.58,630%,106%,
44,9,28.47%,21.69%,0.05%,-4.42%,0.93%,18.86%,-3.75%,7.04%,1.24%,16%,11.78%,-2.22%,26.63,104%,26%,2241%
44,10,-18.04%,-23.38%,2.02%,-17.83%,-15.14%,5.65%,0.55%,6.45%,1.78%,-39.87%,-14.01%,-19.74%,-32.97,-40.98%,-34.36%,-75.99%
45,1,13.52%,1.59%,0.03%,10.75%,10.78%,4.50%,0.12%,0.76%,1.92%,-59.26%,-4.48%,-1.82%,17.94,,,
45,2,1.38%,-9.21%,0.05%,1.28%,-1.50%,5.19%,-12.11%,0.73%,2.12%,69.58%,-0.39%,-14.60%,8.43,,,
45,3,11.77%,17.50%,0.32%,0.69%,11.52%,5.31%,8.10%,2.07%,2.04%,163.15%,1.51%,11.60%,5.89,,,
45,4,21.61%,15.47%,0.93%,2.80%,9.23%,6.21%,12.66%,2.11%,1.83%,953.29%,25.62%,37.75%,31.52,,,
45,5,-4.23%,-16.26%,1.94%,-0.02%,-3.27%,4.52%,-0.93%,1.91%,2.14%,-66%,-13.36%,-14.25%,-1.04,-90%,-73%,
45,6,31.21%,12.27%,2.06%,9.64%,15.25%,3.69%,19.08%,2.29%,1.82%,170%,22.66%,18.88%,37.96,68%,-23%,
45,7,18.02%,34.73%,0.35%,11.33%,10.60%,10.43%,24.17%,1.36%,1.51%,254%,8.28%,18.69%,47.58,630%,106%,
45,8,28.47%,21.69%,0.05%,-4.42%,0.93%,18.86%,-3.75%,7.04%,1.24%,16%,11.78%,-2.22%,26.63,104%,26%,2241%
45,9,-18.04%,-23.38%,2.02%,-17.83%,-15.14%,5.65%,0.55%,6.45%,1.78%,-39.87%,-14.01%,-19.74%,-32.97,-40.98%,-34.36%,-75.99%
45,10,26.06%,5.17%,5.07%,3.88%,8.74%,5.68%,13.26%,3.35%,1.47%,84.03%,18.85%,10.27%,53.81,43.87%,23.82%,305.14%
46,1,1.38%,-9.21%,0.05%,1.28%,-1.50%,5.19%,-12.11%,0.73%,2.12%,69.58%,-0.39%,-14.60%,8.43,,,
46,2,11.77%,17.50%,0.32%,0.69%,11.52%,5.31%,8.10%,2.07%,2.04%,163.15%,1.51%,11.60%,5.89,,,
46,3,21.61%,15.47%,0.93%,2.80%,9.23%,6.21%,12.66%,2.11%,1.83%,953.29%,25.62%,37.75%,31.52,,,
46,4,-4.23%,-16.26%,1.94%,-0.02%,-3.27%,4.52%,-0.93%,1.91%,2.14%,-66%,-13.36%,-14.25%,-1.04,-90%,-73%,
46,5,31.21%,12.27%,2.06%,9.64%,15.25%,3.69%,19.08%,2.29%,1.82%,170%,22.66%,18.88%,37.96,68%,-23%,
46,6,18.02%,34.73%,0.35%,11.33%,10.60%,10.43%,24.17%,1.36%,1.51%,254%,8.28%,18.69%,47.58,630%,106%,
46,7,28.47%,21.69%,0.05%,-4.42%,0.93%,18.86%,-3.75%,7.04%,1.24%,16%,11.78%,-2.22%,26.63,104%,26%,2241%
46,8,-18.04%,-23.38%,2.02%,-17.83%,-15.14%,5.65%,0.55%,6.45%,1.78%,-39.87%,-14.01%,-19.74%,-32.97,-40.98%,-34.36%,-75.99%
46,9,26.06%,5.17%,5.07%,3.88%,8.74%,5.68%,13.26%,3.35%,1.47%,84.03%,18.85%,10.27%,53.81,43.87%,23.82%,305.14%
46,10,24.88%,12.37%,4.97%,-1.64%,1.74%,4.24%,25.96%,2.75%,1.27%,140.49%,4.35%,8.05%,24.88,44.50%,503.22%,138.73%
47,1,11.77%,17.50%,0.32%,0.69%,11.52%,5.31%,8.10%,2.07%,2.04%,163.15%,1.51%,11.60%,5.89,,,
47,2,21.61%,15.47%,0.93%,2.80%,9.23%,6.21%,12.66%,2.11%,1.83%,953.29%,25.62%,37.75%,31.52,,,
47,3,-4.23%,-16.26%,1.94%,-0.02%,-3.27%,4.52%,-0.93%,1.91%,2.14%,-66%,-13.36%,-14.25%,-1.04,-90%,-73%,
47,4,31.21%,12.27%,2.06%,9.64%,15.25%,3.69%,19.08%,2.29%,1.82%,170%,22.66%,18.88%,37.96,68%,-23%,
47,5,18.02%,34.73%,0.35%,11.33%,10.60%,10.43%,24.17%,1.36%,1.51%,254%,8.28%,18.69%,47.58,630%,106%,
47,6,28.47%,21.69%,0.05%,-4.42%,0.93%,18.86%,-3.75%,7.04%,1.24%,16%,11.78%,-2.22%,26.63,104%,26%,2241%
47,7,-18.04%,-23.38%,2.02%,-17.83%,-15.14%,5.65%,0.55%,6.45%,1.78%,-39.87%,-14.01%,-19.74%,-32.97,-40.98%,-34.36%,-75.99%
47,8,26.06%,5.17%,5.07%,3.88%,8.74%,5.68%,13.26%,3.35%,1.47%,84.03%,18.85%,10.27%,53.81,43.87%,23.82%,305.14%
47,9,24.88%,12.37%,4.97%,-1.64%,1.74%,4.24%,25.96%,2.75%,1.27%,140.49%,4.35%,8.05%,24.88,44.50%,503.22%,138.73%
47,10,#N/A,#N/A,#N/A,#N/A,#N/A,#N/A,#N/A,#N/A,#N/A,#N/A,#N/A,#N/A,#N/A,#N/A,#N/A,#N/A
48,1,21.61%,15.47%,0.93%,2.80%,9.23%,6.21%,12.66%,2.11%,1.83%,953.29%,25.62%,37.75%,31.52,,,
48,2,-4.23%,-16.26%,1.94%,-0.02%,-3.27%,4.52%,-0.93%,1.91%,2.14%,-66%,-13.36%,-14.25%,-1.04,-90%,-73%,
48,3,31.21%,12.27%,2.06%,9.64%,15.25%,3.69%,19.08%,2.29%,1.82%,170%,22.66%,18.88%,37.96,68%,-23%,
48,4,18.02%,34.73%,0.35%,11.33%,10.60%,10.43%,24.17%,1.36%,1.51%,254%,8.28%,18.69%,47.58,630%,106%,
48,5,28.47%,21.69%,0.05%,-4.42%,0.93%,18.86%,-3.75%,7.04%,1.24%,16%,11.78%,-2.22%,26.63,104%,26%,2241%
48,6,-18.04%,-23.38%,2.02%,-17.83%,-15.14%,5.65%,0.55%,6.45%,1.78%,-39.87%,-14.01%,-19.74%,-32.97,-40.98%,-34.36%,-75.99%
48,7,26.06%,5.17%,5.07%,3.88%,8.74%,5.68%,13.26%,3.35%,1.47%,84.03%,18.85%,10.27%,53.81,43.87%,23.82%,305.14%
48,8,24.88%,12.37%,4.97%,-1.64%,1.74%,4.24%,25.96%,2.75%,1.27%,140.49%,4.35%,8.05%,24.88,44.50%,503.22%,138.73%
48,9,#N/A,#N/A,#N/A,#N/A,#N/A,#N/A,#N/A,#N/A,#N/A,#N/A,#N/A,#N/A,#N/A,#N/A,#N/A,#N/A
48,10,#N/A,#N/A,#N/A,#N/A,#N/A,#N/A,#N/A,#N/A,#N/A,#N/A,#N/A,#N/A,#N/A,#N/A,#N/A,#N/A
49,1,-4.23%,-16.26%,1.94%,-0.02%,-3.27%,4.52%,-0.93%,1.91%,2.14%,-66%,-13.36%,-14.25%,-1.04,-90%,-73%,
49,2,31.21%,12.27%,2.06%,9.64%,15.25%,3.69%,19.08%,2.29%,1.82%,170%,22.66%,18.88%,37.96,68%,-23%,
49,3,18.02%,34.73%,0.35%,11.33%,10.60%,10.43%,24.17%,1.36%,1.51%,254%,8.28%,18.69%,47.58,630%,106%,
49,4,28.47%,21.69%,0.05%,-4.42%,0.93%,18.86%,-3.75%,7.04%,1.24%,16%,11.78%,-2.22%,26.63,104%,26%,2241%
49,5,-18.04%,-23.38%,2.02%,-17.83%,-15.14%,5.65%,0.55%,6.45%,1.78%,-39.87%,-14.01%,-19.74%,-32.97,-40.98%,-34.36%,-75.99%
49,6,26.06%,5.17%,5.07%,3.88%,8.74%,5.68%,13.26%,3.35%,1.47%,84.03%,18.85%,10.27%,53.81,43.87%,23.82%,305.14%
49,7,24.88%,12.37%,4.97%,-1.64%,1.74%,4.24%,25.96%,2.75%,1.27%,140.49%,4.35%,8.05%,24.88,44.50%,503.22%,138.73%
49,8,#N/A,#N/A,#N/A,#N/A,#N/A,#N/A,#N/A,#N/A,#N/A,#N/A,#N/A,#N/A,#N/A,#N/A,#N/A,#N/A
49,9,#N/A,#N/A,#N/A,#N/A,#N/A,#N/A,#N/A,#N/A,#N/A,#N/A,#N/A,#N/A,#N/A,#N/A,#N/A,#N/A
49,10,#N/A,#N/A,#N/A,#N/A,#N/A,#N/A,#N/A,#N/A,#N/A,#N/A,#N/A,#N/A,#N/A,#N/A,#N/A,#N/A
50,1,31.21%,12.27%,2.06%,9.64%,15.25%,3.69%,19.08%,2.29%,1.82%,170%,22.66%,18.88%,37.96,68%,-23%,
50,2,18.02%,34.73%,0.35%,11.33%,10.60%,10.43%,24.17%,1.36%,1.51%,254%,8.28%,18.69%,47.58,630%,106%,
50,3,28.47%,21.69%,0.05%,-4.42%,0.93%,18.86%,-3.75%,7.04%,1.24%,16%,11.78%,-2.22%,26.63,104%,26%,2241%
50,4,-18.04%,-23.38%,2.02%,-17.83%,-15.14%,5.65%,0.55%,6.45%,1.78%,-39.87%,-14.01%,-19.74%,-32.97,-40.98%,-34.36%,-75.99%
50,5,26.06%,5.17%,5.07%,3.88%,8.74%,5.68%,13.26%,3.35%,1.47%,84.03%,18.85%,10.27%,53.81,43.87%,23.82%,305.14%
50,6,24.88%,12.37%,4.97%,-1.64%,1.74%,4.24%,25.96%,2.75%,1.27%,140.49%,4.35%,8.05%,24.88,44.50%,503.22%,138.73%
50,7,#N/A,#N/A,#N/A,#N/A,#N/A,#N/A,#N/A,#N/A,#N/A,#N/A,#N/A,#N/A,#N/A,#N/A,#N/A,#N/A
50,8,#N/A,#N/A,#N/A,#N/A,#N/A,#N/A,#N/A,#N/A,#N/A,#N/A,#N/A,#N/A,#N/A,#N/A,#N/A,#N/A
50,9,#N/A,#N/A,#N/A,#N/A,#N/A,#N/A,#N/A,#N/A,#N/A,#N/A,#N/A,#N/A,#N/A,#N/A,#N/A,#N/A
50,10,#N/A,#N/A,#N/A,#N/A,#N/A,#N/A,#N/A,#N/A,#N/A,#N/A,#N/A,#N/A,#N/A,#N/A,#N/A,#N/A