Series,Year,calendar year,S&P 500 (includes dividends),US Small cap (bottom decile),3-month T.Bill,US T. Bond (10-year),Baa Corporate Bond,Real Estate,Gold*,inflation,SP500 Dividend Yield,Bitcoin*,International Stocks,Emerging Markets,NASDAQ 100,Ethereum,XRP,SOL
1,1,1970,-0.019,-0.2327,0.0078,0.1059,0.0008,0.0251,-0.1423,,,0.1657,-0.1523,-0.0528,-0.0528,0.004,0.304,0.1787
1,2,1971,0.106,0.128,0.0103,0.0631,0.1039,0.0094,0.13,,,0.3737,0.2706,-0.0317,-0.0317,0.1043,0.1233,0.4153
1,3,1972,0.1484,-0.0305,0.0063,-0.0057,0.0774,-0.0042,0.4387,,,0.4535,0.3306,-0.033,-0.033,0.1852,0.0617,0.506
1,4,1973,-0.2118,-0.4355,-0.0154,-0.0465,-0.0404,-0.0487,0.591,,,0.3791,-0.2105,-0.0801,-0.0801,0.1865,-0.0166,0.4238
1,5,1974,-0.3404,-0.3485,-0.04,-0.0921,-0.1488,-0.0202,0.479,,,0.2981,-0.307,-0.1098,-0.1098,0.1777,-0.0628,0.3329
1,6,1975,0.2811,0.4901,-0.0108,-0.0311,0.0384,-0.0016,-0.2968,,,0.3186,0.282,-0.0649,-0.0649,0.2441,-0.0252,0.3476
1,7,1976,0.1809,0.4163,0.0011,0.106,0.142,0.0317,-0.0854,,,0.302,-0.0107,-0.0463,-0.0463,0.2605,-0.0127,0.3259
1,8,1977,-0.1282,0.2246,-0.0135,-0.0507,0.0305,0.0745,0.1494,,,0.2433,0.1192,-0.0628,-0.0628,0.2234,-0.0347,0.2626
1,9,1978,-0.023,0.1862,-0.0169,-0.0899,-0.0539,0.0615,0.2567,,,0.1869,0.2319,-0.0827,-0.0827,0.1798,-0.0588,0.2028
1,10,1979,0.0462,0.2532,-0.0286,-0.1114,-0.1351,0.004,0.9997,,,0.1179,-0.0628,-0.1173,-0.1173,0.1182,-0.097,0.1311
2,1,1971,0.106,0.128,0.0103,0.0631,0.1039,0.0094,0.13,,,0.1916,0.2706,-0.0317,-0.0317,0.0263,0.333,0.205
2,2,1972,0.1484,-0.0305,0.0063,-0.0057,0.0774,-0.0042,0.4387,,,0.3718,0.3306,-0.033,-0.033,0.1028,0.1217,0.4134
2,3,1973,-0.2118,-0.4355,-0.0154,-0.0465,-0.0404,-0.0487,0.591,,,0.3827,-0.2105,-0.0801,-0.0801,0.1274,0.0099,0.4326
2,4,1974,-0.3404,-0.3485,-0.04,-0.0921,-0.1488,-0.0202,0.479,,,0.3345,-0.307,-0.1098,-0.1098,0.1481,-0.0483,0.3778
2,5,1975,0.2811,0.4901,-0.0108,-0.0311,0.0384,-0.0016,-0.2968,,,0.3637,0.282,-0.0649,-0.0649,0.2371,-0.0155,0.4002
2,6,1976,0.1809,0.4163,0.0011,0.106,0.142,0.0317,-0.0854,,,0.3447,-0.0107,-0.0463,-0.0463,0.2687,-0.0059,0.3743
2,7,1977,-0.1282,0.2246,-0.0135,-0.0507,0.0305,0.0745,0.1494,,,0.2796,0.1192,-0.0628,-0.0628,0.2388,-0.0297,0.303
2,8,1978,-0.023,0.1862,-0.0169,-0.0899,-0.0539,0.0615,0.2567,,,0.2168,0.2319,-0.0827,-0.0827,0.1974,-0.0552,0.2357
2,9,1979,0.0462,0.2532,-0.0286,-0.1114,-0.1351,0.004,0.9997,,,0.1422,-0.0628,-0.1173,-0.1173,0.1353,-0.0943,0.1575
2,10,1980,0.1708,0.2656,-0.01,-0.1378,-0.1408,-0.0455,0.0237,,,0.1256,0.1058,-0.1113,-0.1113,0.1258,-0.0908,0.1388
3,1,1972,0.1484,-0.0305,0.0063,-0.0057,0.0774,-0.0042,0.4387,,,0.19,0.3306,-0.033,-0.033,0.0249,0.3312,0.2034
3,2,1973,-0.2118,-0.4355,-0.0154,-0.0465,-0.0404,-0.0487,0.591,,,0.3049,-0.2105,-0.0801,-0.0801,0.049,0.0671,0.3445
3,3,1974,-0.3404,-0.3485,-0.04,-0.0921,-0.1488,-0.0202,0.479,,,0.338,-0.307,-0.1098,-0.1098,0.091,-0.0227,0.3863
3,4,1975,0.2811,0.4901,-0.0108,-0.0311,0.0384,-0.0016,-0.2968,,,0.4019,0.282,-0.0649,-0.0649,0.2061,-0.0003,0.4474
3,5,1976,0.1809,0.4163,0.0011,0.106,0.142,0.0317,-0.0854,,,0.3907,-0.0107,-0.0463,-0.0463,0.2617,0.004,0.428
3,6,1977,-0.1282,0.2246,-0.0135,-0.0507,0.0305,0.0745,0.1494,,,0.3216,0.1192,-0.0628,-0.0628,0.2469,-0.0231,0.3506
3,7,1978,-0.023,0.1862,-0.0169,-0.0899,-0.0539,0.0615,0.2567,,,0.2523,0.2319,-0.0827,-0.0827,0.2124,-0.0504,0.2753
3,8,1979,0.0462,0.2532,-0.0286,-0.1114,-0.1351,0.004,0.9997,,,0.171,-0.0628,-0.1173,-0.1173,0.1523,-0.0908,0.1892
3,9,1980,0.1708,0.2656,-0.01,-0.1378,-0.1408,-0.0455,0.0237,,,0.15,0.1058,-0.1113,-0.1113,0.1431,-0.0881,0.1654
3,10,1981,-0.125,-0.1199,0.047,-0.0066,-0.0042,-0.0351,-0.3812,,,0.1628,-0.0914,-0.0819,-0.0819,0.1631,-0.0608,0.1765
4,1,1973,-0.2118,-0.4355,-0.0154,-0.0465,-0.0404,-0.0487,0.591,,,0.132,-0.2105,-0.0801,-0.0801,-0.025,0.2663,0.1447
4,2,1974,-0.3404,-0.3485,-0.04,-0.0921,-0.1488,-0.0202,0.479,,,0.2628,-0.307,-0.1098,-0.1098,0.0151,0.0326,0.3011
4,3,1975,0.2811,0.4901,-0.0108,-0.0311,0.0384,-0.0016,-0.2968,,,0.4056,0.282,-0.0649,-0.0649,0.1461,0.0267,0.4563
4,4,1976,0.1809,0.4163,0.0011,0.106,0.142,0.0317,-0.0854,,,0.4297,-0.0107,-0.0463,-0.0463,0.23,0.0195,0.4761
4,5,1977,-0.1282,0.2246,-0.0135,-0.0507,0.0305,0.0745,0.1494,,,0.3667,0.1192,-0.0628,-0.0628,0.2399,-0.0133,0.4034
4,6,1978,-0.023,0.1862,-0.0169,-0.0899,-0.0539,0.0615,0.2567,,,0.2934,0.2319,-0.0827,-0.0827,0.2203,-0.0438,0.3219
4,7,1979,0.0462,0.2532,-0.0286,-0.1114,-0.1351,0.004,0.9997,,,0.2051,-0.0628,-0.1173,-0.1173,0.1667,-0.0862,0.2272
4,8,1980,0.1708,0.2656,-0.01,-0.1378,-0.1408,-0.0455,0.0237,,,0.179,0.1058,-0.1113,-0.1113,0.1601,-0.0846,0.1973
4,9,1981,-0.125,-0.1199,0.047,-0.0066,-0.0042,-0.0351,-0.3812,,,0.188,-0.0914,-0.0819,-0.0819,0.1809,-0.0579,0.2039
4,10,1982,0.1598,0.2242,0.0652,0.2791,0.2429,-0.0315,0.1136,,,0.2198,-0.0452,-0.0369,-0.0369,0.2201,-0.0147,0.2341
5,1,1974,-0.3404,-0.3485,-0.04,-0.0921,-0.1488,-0.0202,0.479,,,0.0954,-0.307,-0.1098,-0.1098,-0.0565,0.2254,0.1077
5,2,1975,0.2811,0.4901,-0.0108,-0.0311,0.0384,-0.0016,-0.2968,,,0.3265,0.282,-0.0649,-0.0649,0.0664,0.0847,0.3667
5,3,1976,0.1809,0.4163,0.0011,0.106,0.142,0.0317,-0.0854,,,0.4334,-0.0107,-0.0463,-0.0463,0.1688,0.047,0.4852
5,4,1977,-0.1282,0.2246,-0.0135,-0.0507,0.0305,0.0745,0.1494,,,0.4051,0.1192,-0.0628,-0.0628,0.2088,0.002,0.4506
5,5,1978,-0.023,0.1862,-0.0169,-0.0899,-0.0539,0.0615,0.2567,,,0.3376,0.2319,-0.0827,-0.0827,0.2135,-0.0343,0.3735
5,6,1979,0.0462,0.2532,-0.0286,-0.1114,-0.1351,0.004,0.9997,,,0.2447,-0.0628,-0.1173,-0.1173,0.1743,-0.0799,0.272
5,7,1980,0.1708,0.2656,-0.01,-0.1378,-0.1408,-0.0455,0.0237,,,0.2134,0.1058,-0.1113,-0.1113,0.1747,-0.0799,0.2356
5,8,1981,-0.125,-0.1199,0.047,-0.0066,-0.0042,-0.0351,-0.3812,,,0.218,-0.0914,-0.0819,-0.0819,0.1985,-0.0544,0.2369
5,9,1982,0.1598,0.2242,0.0652,0.2791,0.2429,-0.0315,0.1136,,,0.2463,-0.0452,-0.0369,-0.0369,0.2388,-0.0117,0.2629
5,10,1983,0.1787,0.309,0.0465,-0.0057,0.1195,0.0092,-0.1984,,,0.2203,0.2006,-0.0365,-0.0365,0.2205,-0.0144,0.2346
6,1,1975,0.2811,0.4901,-0.0108,-0.0311,0.0384,-0.0016,-0.2968,,,0.1507,0.282,-0.0649,-0.0649,-0.0089,0.2873,0.1636
6,2,1976,0.1809,0.4163,0.0011,0.106,0.142,0.0317,-0.0854,,,0.3529,-0.0107,-0.0463,-0.0463,0.0875,0.1062,0.3939
6,3,1977,-0.1282,0.2246,-0.0135,-0.0507,0.0305,0.0745,0.1494,,,0.4087,0.1192,-0.0628,-0.0628,0.1486,0.029,0.4596
6,4,1978,-0.023,0.1862,-0.0169,-0.0899,-0.0539,0.0615,0.2567,,,0.3752,0.2319,-0.0827,-0.0827,0.1831,-0.0194,0.4197
6,5,1979,0.0462,0.2532,-0.0286,-0.1114,-0.1351,0.004,0.9997,,,0.2872,-0.0628,-0.1173,-0.1173,0.1678,-0.0707,0.3217
6,6,1980,0.1708,0.2656,-0.01,-0.1378,-0.1408,-0.0455,0.0237,,,0.2532,0.1058,-0.1113,-0.1113,0.1824,-0.0736,0.2808
6,7,1981,-0.125,-0.1199,0.047,-0.0066,-0.0042,-0.0351,-0.3812,,,0.2535,-0.0914,-0.0819,-0.0819,0.2136,-0.0495,0.2764
6,8,1982,0.1598,0.2242,0.0652,0.2791,0.2429,-0.0315,0.1136,,,0.2777,-0.0452,-0.0369,-0.0369,0.2572,-0.008,0.2975
6,9,1983,0.1787,0.309,0.0465,-0.0057,0.1195,0.0092,-0.1984,,,0.2467,0.2006,-0.0365,-0.0365,0.2392,-0.0114,0.2634
6,10,1984,0.0212,-0.1777,0.0538,0.0941,0.1123,0.007,-0.2244,,,0.2184,0.0376,-0.038,-0.038,0.2187,-0.0159,0.2327
7,1,1976,0.1809,0.4163,0.0011,0.106,0.142,0.0317,-0.0854,,,0.1736,-0.0107,-0.0463,-0.0463,0.0108,0.3128,0.1867
7,2,1977,-0.1282,0.2246,-0.0135,-0.0507,0.0305,0.0745,0.1494,,,0.3295,0.1192,-0.0628,-0.0628,0.0688,0.0872,0.3698
7,3,1978,-0.023,0.1862,-0.0169,-0.0899,-0.0539,0.0615,0.2567,,,0.3787,0.2319,-0.0827,-0.0827,0.1242,0.0071,0.4285
7,4,1979,0.0462,0.2532,-0.0286,-0.1114,-0.1351,0.004,0.9997,,,0.3233,-0.0628,-0.1173,-0.1173,0.1385,-0.0563,0.3662
7,5,1980,0.1708,0.2656,-0.01,-0.1378,-0.1408,-0.0455,0.0237,,,0.296,0.1058,-0.1113,-0.1113,0.1758,-0.0643,0.3308
7,6,1981,-0.125,-0.1199,0.047,-0.0066,-0.0042,-0.0351,-0.3812,,,0.2946,-0.0914,-0.0819,-0.0819,0.2214,-0.043,0.3231
7,7,1982,0.1598,0.2242,0.0652,0.2791,0.2429,-0.0315,0.1136,,,0.3149,-0.0452,-0.0369,-0.0369,0.273,-0.0029,0.339
7,8,1983,0.1787,0.309,0.0465,-0.0057,0.1195,0.0092,-0.1984,,,0.2782,0.2006,-0.0365,-0.0365,0.2577,-0.0076,0.298
7,9,1984,0.0212,-0.1777,0.0538,0.0941,0.1123,0.007,-0.2244,,,0.2448,0.0376,-0.038,-0.038,0.2373,-0.0129,0.2615
7,10,1985,0.2644,0.2056,0.0354,0.2111,0.1933,0.0354,0.0212,,,0.2201,0.5098,-0.0366,-0.0366,0.2204,-0.0145,0.2345
8,1,1977,-0.1282,0.2246,-0.0135,-0.0507,0.0305,0.0745,0.1494,,,0.1533,0.1192,-0.0628,-0.0628,-0.0067,0.2902,0.1663
8,2,1978,-0.023,0.1862,-0.0169,-0.0899,-0.0539,0.0615,0.2567,,,0.3012,0.2319,-0.0827,-0.0827,0.046,0.064,0.3407
8,3,1979,0.0462,0.2532,-0.0286,-0.1114,-0.1351,0.004,0.9997,,,0.3268,-0.0628,-0.1173,-0.1173,0.0818,-0.0309,0.3747
8,4,1980,0.1708,0.2656,-0.01,-0.1378,-0.1408,-0.0455,0.0237,,,0.3324,0.1058,-0.1113,-0.1113,0.1463,-0.0499,0.3756
8,5,1981,-0.125,-0.1199,0.047,-0.0066,-0.0042,-0.0351,-0.3812,,,0.3389,-0.0914,-0.0819,-0.0819,0.2147,-0.0334,0.3748
8,6,1982,0.1598,0.2242,0.0652,0.2791,0.2429,-0.0315,0.1136,,,0.3581,-0.0452,-0.0369,-0.0369,0.2813,0.0039,0.3879
8,7,1983,0.1787,0.309,0.0465,-0.0057,0.1195,0.0092,-0.1984,,,0.3154,0.2006,-0.0365,-0.0365,0.2735,-0.0025,0.3395
8,8,1984,0.0212,-0.1777,0.0538,0.0941,0.1123,0.007,-0.2244,,,0.2762,0.0376,-0.038,-0.038,0.2558,-0.0091,0.296
8,9,1985,0.2644,0.2056,0.0354,0.2111,0.1933,0.0354,0.0212,,,0.2466,0.5098,-0.0366,-0.0366,0.2391,-0.0115,0.2633
8,10,1986,0.172,0.0105,0.0482,0.2293,0.2003,0.0842,0.1767,,,0.2527,0.6809,-0.0109,-0.0109,0.253,0.0119,0.2675
9,1,1978,-0.023,0.1862,-0.0169,-0.0899,-0.0539,0.0615,0.2567,,,0.1288,0.2319,-0.0827,-0.0827,-0.0278,0.2627,0.1414
9,2,1979,0.0462,0.2532,-0.0286,-0.1114,-0.1351,0.004,0.9997,,,0.2522,-0.0628,-0.1173,-0.1173,0.0066,0.0239,0.2901
9,3,1980,0.1708,0.2656,-0.01,-0.1378,-0.1408,-0.0455,0.0237,,,0.3359,0.1058,-0.1113,-0.1113,0.0892,-0.0243,0.3841
9,4,1981,-0.125,-0.1199,0.047,-0.0066,-0.0042,-0.0351,-0.3812,,,0.3764,-0.0914,-0.0819,-0.0819,0.1842,-0.0185,0.421
9,5,1982,0.1598,0.2242,0.0652,0.2791,0.2429,-0.0315,0.1136,,,0.4045,-0.0452,-0.0369,-0.0369,0.2742,0.014,0.4422
9,6,1983,0.1787,0.309,0.0465,-0.0057,0.1195,0.0092,-0.1984,,,0.3586,0.2006,-0.0365,-0.0365,0.2818,0.0043,0.3885
9,7,1984,0.0212,-0.1777,0.0538,0.0941,0.1123,0.007,-0.2244,,,0.3134,0.0376,-0.038,-0.038,0.2716,-0.004,0.3375
9,8,1985,0.2644,0.2056,0.0354,0.2111,0.1933,0.0354,0.0212,,,0.278,0.5098,-0.0366,-0.0366,0.2576,-0.0077,0.2979
9,9,1986,0.172,0.0105,0.0482,0.2293,0.2003,0.0842,0.1767,,,0.2799,0.6809,-0.0109,-0.0109,0.2722,0.0149,0.297
9,10,1987,0.0132,-0.1768,0.0129,-0.0899,-0.0155,0.0327,0.1925,,,0.2128,0.1963,-0.0424,-0.0424,0.2131,-0.0204,0.227
10,1,1979,0.0462,0.2532,-0.0286,-0.1114,-0.1351,0.004,0.9997,,,0.0862,-0.0628,-0.1173,-0.1173,-0.0644,0.2151,0.0984
10,2,1980,0.1708,0.2656,-0.01,-0.1378,-0.1408,-0.0455,0.0237,,,0.2608,0.1058,-0.1113,-0.1113,0.0135,0.0309,0.299
10,3,1981,-0.125,-0.1199,0.047,-0.0066,-0.0042,-0.0351,-0.3812,,,0.38,-0.0914,-0.0819,-0.0819,0.1252,0.008,0.4299
10,4,1982,0.1598,0.2242,0.0652,0.2791,0.2429,-0.0315,0.1136,,,0.4439,-0.0452,-0.0369,-0.0369,0.2422,0.0297,0.4907
10,5,1983,0.1787,0.309,0.0465,-0.0057,0.1195,0.0092,-0.1984,,,0.405,0.2006,-0.0365,-0.0365,0.2747,0.0144,0.4427
10,6,1984,0.0212,-0.1777,0.0538,0.0941,0.1123,0.007,-0.2244,,,0.3565,0.0376,-0.038,-0.038,0.2798,0.0028,0.3863
10,7,1985,0.2644,0.2056,0.0354,0.2111,0.1933,0.0354,0.0212,,,0.3153,0.5098,-0.0366,-0.0366,0.2734,-0.0026,0.3394
10,8,1986,0.172,0.0105,0.0482,0.2293,0.2003,0.0842,0.1767,,,0.3122,0.6809,-0.0109,-0.0109,0.2912,0.0188,0.3325
10,9,1987,0.0132,-0.1768,0.0129,-0.0899,-0.0155,0.0327,0.1925,,,0.2391,0.1963,-0.0424,-0.0424,0.2316,-0.0174,0.2557
10,10,1988,0.1161,0.124,0.0215,0.0364,0.0954,0.0268,-0.1885,,,0.2129,0.2315,-0.0423,-0.0423,0.2132,-0.0203,0.2272
11,1,1980,0.1708,0.2656,-0.01,-0.1378,-0.1408,-0.0455,0.0237,,,0.0937,0.1058,-0.1113,-0.1113,-0.058,0.2234,0.1059
11,2,1981,-0.125,-0.1199,0.047,-0.0066,-0.0042,-0.0351,-0.3812,,,0.3024,-0.0914,-0.0819,-0.0819,0.047,0.065,0.3419
11,3,1982,0.1598,0.2242,0.0652,0.2791,0.2429,-0.0315,0.1136,,,0.4477,-0.0452,-0.0369,-0.0369,0.1804,0.0574,0.5
11,4,1983,0.1787,0.309,0.0465,-0.0057,0.1195,0.0092,-0.1984,,,0.4445,0.2006,-0.0365,-0.0365,0.2427,0.0301,0.4913
11,5,1984,0.0212,-0.1777,0.0538,0.0941,0.1123,0.007,-0.2244,,,0.4029,0.0376,-0.038,-0.038,0.2727,0.0128,0.4405
11,6,1985,0.2644,0.2056,0.0354,0.2111,0.1933,0.0354,0.0212,,,0.3585,0.5098,-0.0366,-0.0366,0.2817,0.0042,0.3883
11,7,1986,0.172,0.0105,0.0482,0.2293,0.2003,0.0842,0.1767,,,0.3504,0.6809,-0.0109,-0.0109,0.3074,0.024,0.3752
11,8,1987,0.0132,-0.1768,0.0129,-0.0899,-0.0155,0.0327,0.1925,,,0.2703,0.1963,-0.0424,-0.0424,0.25,-0.0137,0.2901
11,9,1988,0.1161,0.124,0.0215,0.0364,0.0954,0.0268,-0.1885,,,0.2392,0.2315,-0.0423,-0.0423,0.2318,-0.0173,0.2558
11,10,1989,0.2564,0.022,0.0331,0.1246,0.108,-0.0025,-0.0716,,,0.2102,0.0588,-0.0444,-0.0444,0.2105,-0.0225,0.2245
12,1,1981,-0.125,-0.1199,0.047,-0.0066,-0.0042,-0.0351,-0.3812,,,0.1298,-0.0914,-0.0819,-0.0819,-0.0269,0.2639,0.1425
12,2,1982,0.1598,0.2242,0.0652,0.2791,0.2429,-0.0315,0.1136,,,0.3663,-0.0452,-0.0369,-0.0369,0.0983,0.1172,0.4077
12,3,1983,0.1787,0.309,0.0465,-0.0057,0.1195,0.0092,-0.1984,,,0.4482,0.2006,-0.0365,-0.0365,0.1808,0.0578,0.5005
12,4,1984,0.0212,-0.1777,0.0538,0.0941,0.1123,0.007,-0.2244,,,0.4422,0.0376,-0.038,-0.038,0.2408,0.0285,0.489
12,5,1985,0.2644,0.2056,0.0354,0.2111,0.1933,0.0354,0.0212,,,0.4049,0.5098,-0.0366,-0.0366,0.2746,0.0143,0.4426
12,6,1986,0.172,0.0105,0.0482,0.2293,0.2003,0.0842,0.1767,,,0.3948,0.6809,-0.0109,-0.0109,0.3159,0.0311,0.4254
12,7,1987,0.0132,-0.1768,0.0129,-0.0899,-0.0155,0.0327,0.1925,,,0.3074,0.1963,-0.0424,-0.0424,0.2657,-0.0086,0.3313
12,8,1988,0.1161,0.124,0.0215,0.0364,0.0954,0.0268,-0.1885,,,0.2704,0.2315,-0.0423,-0.0423,0.2501,-0.0136,0.2902
12,9,1989,0.2564,0.022,0.0331,0.1246,0.108,-0.0025,-0.0716,,,0.2365,0.0588,-0.0444,-0.0444,0.229,-0.0195,0.253
12,10,1990,-0.0864,-0.3207,0.0131,0.0012,0.0016,-0.0641,-0.0869,,,0.1936,-0.2762,-0.0576,-0.0576,0.1939,-0.0359,0.2076
13,1,1982,0.1598,0.2242,0.0652,0.2791,0.2429,-0.0315,0.1136,,,0.1852,-0.0452,-0.0369,-0.0369,0.0208,0.3258,0.1985
13,2,1983,0.1787,0.309,0.0465,-0.0057,0.1195,0.0092,-0.1984,,,0.3668,0.2006,-0.0365,-0.0365,0.0988,0.1176,0.4082
13,3,1984,0.0212,-0.1777,0.0538,0.0941,0.1123,0.007,-0.2244,,,0.446,0.0376,-0.038,-0.038,0.179,0.0562,0.4982
13,4,1985,0.2644,0.2056,0.0354,0.2111,0.1933,0.0354,0.0212,,,0.4443,0.5098,-0.0366,-0.0366,0.2426,0.03,0.4911
13,5,1986,0.172,0.0105,0.0482,0.2293,0.2003,0.0842,0.1767,,,0.4424,0.6809,-0.0109,-0.0109,0.3086,0.0413,0.4811
13,6,1987,0.0132,-0.1768,0.0129,-0.0899,-0.0155,0.0327,0.1925,,,0.3503,0.1963,-0.0424,-0.0424,0.274,-0.0018,0.38
13,7,1988,0.1161,0.124,0.0215,0.0364,0.0954,0.0268,-0.1885,,,0.3075,0.2315,-0.0423,-0.0423,0.2658,-0.0085,0.3314
13,8,1989,0.2564,0.022,0.0331,0.1246,0.108,-0.0025,-0.0716,,,0.2677,0.0588,-0.0444,-0.0444,0.2474,-0.0158,0.2873
13,9,1990,-0.0864,-0.3207,0.0131,0.0012,0.0016,-0.0641,-0.0869,,,0.2195,-0.2762,-0.0576,-0.0576,0.2121,-0.033,0.2358
13,10,1991,0.2636,0.4193,0.0225,0.1159,0.154,-0.0313,-0.1127,,,0.2289,0.0916,-0.0297,-0.0297,0.2292,-0.0074,0.2434
14,1,1983,0.1787,0.309,0.0465,-0.0057,0.1195,0.0092,-0.1984,,,0.1857,0.2006,-0.0365,-0.0365,0.0212,0.3263,0.199
14,2,1984,0.0212,-0.1777,0.0538,0.0941,0.1123,0.007,-0.2244,,,0.3647,0.0376,-0.038,-0.038,0.0971,0.1159,0.4061
14,3,1985,0.2644,0.2056,0.0354,0.2111,0.1933,0.0354,0.0212,,,0.4481,0.5098,-0.0366,-0.0366,0.1807,0.0577,0.5004
14,4,1986,0.172,0.0105,0.0482,0.2293,0.2003,0.0842,0.1767,,,0.4829,0.6809,-0.0109,-0.0109,0.2758,0.0575,0.531
14,5,1987,0.0132,-0.1768,0.0129,-0.0899,-0.0155,0.0327,0.1925,,,0.3964,0.1963,-0.0424,-0.0424,0.2669,0.0081,0.4339
14,6,1988,0.1161,0.124,0.0215,0.0364,0.0954,0.0268,-0.1885,,,0.3504,0.2315,-0.0423,-0.0423,0.2741,-0.0017,0.3801
14,7,1989,0.2564,0.022,0.0331,0.1246,0.108,-0.0025,-0.0716,,,0.3046,0.0588,-0.0444,-0.0444,0.2631,-0.0107,0.3285
14,8,1990,-0.0864,-0.3207,0.0131,0.0012,0.0016,-0.0641,-0.0869,,,0.2502,-0.2762,-0.0576,-0.0576,0.2302,-0.0293,0.2696
14,9,1991,0.2636,0.4193,0.0225,0.1159,0.154,-0.0313,-0.1127,,,0.2556,0.0916,-0.0297,-0.0297,0.248,-0.0044,0.2724
14,10,1992,0.0446,0.2197,0.0052,0.0628,0.0817,-0.0202,-0.0839,,,0.2308,-0.1433,-0.0282,-0.0282,0.2311,-0.0058,0.2453
15,1,1984,0.0212,-0.1777,0.0538,0.0941,0.1123,0.007,-0.2244,,,0.1838,0.0376,-0.038,-0.038,0.0196,0.3243,0.1971
15,2,1985,0.2644,0.2056,0.0354,0.2111,0.1933,0.0354,0.0212,,,0.3667,0.5098,-0.0366,-0.0366,0.0987,0.1175,0.4081
15,3,1986,0.172,0.0105,0.0482,0.2293,0.2003,0.0842,0.1767,,,0.4867,0.6809,-0.0109,-0.0109,0.2123,0.086,0.5405
15,4,1987,0.0132,-0.1768,0.0129,-0.0899,-0.0155,0.0327,0.1925,,,0.4356,0.1963,-0.0424,-0.0424,0.2351,0.0237,0.4821
15,5,1988,0.1161,0.124,0.0215,0.0364,0.0954,0.0268,-0.1885,,,0.3966,0.2315,-0.0423,-0.0423,0.267,0.0082,0.434
15,6,1989,0.2564,0.022,0.0331,0.1246,0.108,-0.0025,-0.0716,,,0.3474,0.0588,-0.0444,-0.0444,0.2713,-0.0039,0.3771
15,7,1990,-0.0864,-0.3207,0.0131,0.0012,0.0016,-0.0641,-0.0869,,,0.2867,-0.2762,-0.0576,-0.0576,0.2457,-0.0243,0.3102
15,8,1991,0.2636,0.4193,0.0225,0.1159,0.154,-0.0313,-0.1127,,,0.2872,0.0916,-0.0297,-0.0297,0.2666,-0.0006,0.3072
15,9,1992,0.0446,0.2197,0.0052,0.0628,0.0817,-0.0202,-0.0839,,,0.2575,-0.1433,-0.0282,-0.0282,0.25,-0.0028,0.2743
15,10,1993,0.0703,0.2236,0.0024,0.1115,0.1238,-0.0057,0.1453,,,0.2326,0.2938,-0.0268,-0.0268,0.2329,-0.0044,0.2471
16,1,1985,0.2644,0.2056,0.0354,0.2111,0.1933,0.0354,0.0212,,,0.1855,0.5098,-0.0366,-0.0366,0.0211,0.3262,0.1988
16,2,1986,0.172,0.0105,0.0482,0.2293,0.2003,0.0842,0.1767,,,0.4032,0.6809,-0.0109,-0.0109,0.128,0.1474,0.4457
16,3,1987,0.0132,-0.1768,0.0129,-0.0899,-0.0155,0.0327,0.1925,,,0.4393,0.1963,-0.0424,-0.0424,0.1736,0.0513,0.4913
16,4,1988,0.1161,0.124,0.0215,0.0364,0.0954,0.0268,-0.1885,,,0.4357,0.2315,-0.0423,-0.0423,0.2352,0.0238,0.4823
16,5,1989,0.2564,0.022,0.0331,0.1246,0.108,-0.0025,-0.0716,,,0.3935,0.0588,-0.0444,-0.0444,0.2642,0.006,0.4309
16,6,1990,-0.0864,-0.3207,0.0131,0.0012,0.0016,-0.0641,-0.0869,,,0.3289,-0.2762,-0.0576,-0.0576,0.2538,-0.0176,0.3581
16,7,1991,0.2636,0.4193,0.0225,0.1159,0.154,-0.0313,-0.1127,,,0.3248,0.0916,-0.0297,-0.0297,0.2826,0.0046,0.349
16,8,1992,0.0446,0.2197,0.0052,0.0628,0.0817,-0.0202,-0.0839,,,0.2892,-0.1433,-0.0282,-0.0282,0.2686,0.001,0.3092
16,9,1993,0.0703,0.2236,0.0024,0.1115,0.1238,-0.0057,0.1453,,,0.2594,0.2938,-0.0268,-0.0268,0.2518,-0.0014,0.2762
16,10,1994,-0.0131,-0.0748,0.0154,-0.1043,-0.0355,-0.0015,-0.0471,,,0.2336,0.0525,-0.026,-0.026,0.2339,-0.0036,0.2481
17,1,1986,0.172,0.0105,0.0482,0.2293,0.2003,0.0842,0.1767,,,0.2172,0.6809,-0.0109,0.0573,0.0484,0.3616,0.2309
17,2,1987,0.0132,-0.1768,0.0129,-0.0899,-0.0155,0.0327,0.1925,,,0.3584,0.1963,-0.0424,0.0581,0.092,0.1108,0.3996
17,3,1988,0.1161,0.124,0.0215,0.0364,0.0954,0.0268,-0.1885,,,0.4395,0.2315,-0.0423,0.0873,0.1737,0.0514,0.4915
17,4,1989,0.2564,0.022,0.0331,0.1246,0.108,-0.0025,-0.0716,,,0.4326,0.0588,-0.0444,0.2056,0.2325,0.0216,0.479
17,5,1990,-0.0864,-0.3207,0.0131,0.0012,0.0016,-0.0641,-0.0869,,,0.3743,-0.2762,-0.0576,-0.1557,0.2468,-0.0078,0.4112
17,6,1991,0.2636,0.4193,0.0225,0.1159,0.154,-0.0313,-0.1127,,,0.3682,0.0916,-0.0297,0.6009,0.2909,0.0114,0.3983
17,7,1992,0.0446,0.2197,0.0052,0.0628,0.0817,-0.0202,-0.0839,,,0.3268,-0.1433,-0.0282,0.0579,0.2845,0.0061,0.3511
17,8,1993,0.0703,0.2236,0.0024,0.1115,0.1238,-0.0057,0.1453,,,0.2911,0.2938,-0.0268,0.0762,0.2705,0.0024,0.3111
17,9,1994,-0.0131,-0.0748,0.0154,-0.1043,-0.0355,-0.0015,-0.0471,,,0.2603,0.0525,-0.026,-0.0114,0.2528,-0.0006,0.2772
17,10,1995,0.338,0.2899,0.0288,0.2042,0.1829,-0.0073,-0.0152,,,0.2351,0.0879,-0.0248,0.3901,0.2354,-0.0023,0.2497
18,1,1987,0.0132,-0.1768,0.0129,-0.0899,-0.0155,0.0327,0.1925,,,0.1784,0.1963,-0.0424,0.0581,0.0149,0.3182,0.1916
18,2,1988,0.1161,0.124,0.0215,0.0364,0.0954,0.0268,-0.1885,,,0.3586,0.2315,-0.0423,0.0873,0.0921,0.1109,0.3997
18,3,1989,0.2564,0.022,0.0331,0.1246,0.108,-0.0025,-0.0716,,,0.4363,0.0588,-0.0444,0.2056,0.1711,0.0491,0.4882
18,4,1990,-0.0864,-0.3207,0.0131,0.0012,0.0016,-0.0641,-0.0869,,,0.4129,-0.2762,-0.0576,-0.1557,0.2155,0.0075,0.4587
18,5,1991,0.2636,0.4193,0.0225,0.1159,0.154,-0.0313,-0.1127,,,0.415,0.0916,-0.0297,0.6009,0.2837,0.0215,0.4529
18,6,1992,0.0446,0.2197,0.0052,0.0628,0.0817,-0.0202,-0.0839,,,0.3704,-0.1433,-0.0282,0.0579,0.2929,0.013,0.4005
18,7,1993,0.0703,0.2236,0.0024,0.1115,0.1238,-0.0057,0.1453,,,0.3288,0.2938,-0.0268,0.0762,0.2864,0.0076,0.3531
18,8,1994,-0.0131,-0.0748,0.0154,-0.1043,-0.0355,-0.0015,-0.0471,,,0.2921,0.0525,-0.026,-0.0114,0.2715,0.0032,0.3122
18,9,1995,0.338,0.2899,0.0288,0.2042,0.1829,-0.0073,-0.0152,,,0.2619,0.0879,-0.0248,0.3901,0.2543,0.0007,0.2788
18,10,1996,0.1874,0.1095,0.0164,-0.0183,0.001,-0.0086,-0.0766,,,0.2258,0.0294,-0.0321,0.3796,0.2261,-0.0099,0.2402
19,1,1988,0.1161,0.124,0.0215,0.0364,0.0954,0.0268,-0.1885,,,0.1785,0.2315,0.3449,0.0873,0.015,0.3183,0.1917
19,2,1989,0.2564,0.022,0.0331,0.1246,0.108,-0.0025,-0.0716,,,0.3556,0.0588,0.5763,0.2056,0.0897,0.1085,0.3967
19,3,1990,-0.0864,-0.3207,0.0131,0.0012,0.0016,-0.0641,-0.0869,,,0.4165,-0.2762,-0.157,-0.1557,0.155,0.0347,0.4677
19,4,1991,0.2636,0.4193,0.0225,0.1159,0.154,-0.0313,-0.1127,,,0.4547,0.0916,0.5516,0.6009,0.2515,0.0374,0.5018
19,5,1992,0.0446,0.2197,0.0052,0.0628,0.0817,-0.0202,-0.0839,,,0.4172,-0.1433,0.0826,0.0579,0.2857,0.0231,0.4552
19,6,1993,0.0703,0.2236,0.0024,0.1115,0.1238,-0.0057,0.1453,,,0.3724,0.2938,0.7016,0.0762,0.2948,0.0145,0.4025
19,7,1994,-0.0131,-0.0748,0.0154,-0.1043,-0.0355,-0.0015,-0.0471,,,0.3298,0.0525,-0.0973,-0.0114,0.2874,0.0084,0.3541
19,8,1995,0.338,0.2899,0.0288,0.2042,0.1829,-0.0073,-0.0152,,,0.2937,0.0879,-0.0756,0.3901,0.2731,0.0045,0.3138
19,9,1996,0.1874,0.1095,0.0164,-0.0183,0.001,-0.0086,-0.0766,,,0.2524,0.0294,0.0262,0.3796,0.2449,-0.0069,0.2692
19,10,1997,0.3088,0.2013,0.033,0.081,0.1087,0.0228,-0.2272,,,0.2453,0.0035,-0.1307,0.1861,0.2456,0.0059,0.26
20,1,1989,0.2564,0.022,0.0331,0.1246,0.108,-0.0025,-0.0716,,,0.1759,0.0588,0.5763,0.2056,0.0128,0.3154,0.1891
20,2,1990,-0.0864,-0.3207,0.0131,0.0012,0.0016,-0.0641,-0.0869,,,0.3369,-0.2762,-0.157,-0.1557,0.0747,0.0932,0.3774
20,3,1991,0.2636,0.4193,0.0225,0.1159,0.154,-0.0313,-0.1127,,,0.4585,0.0916,0.5516,0.6009,0.1892,0.0653,0.5112
20,4,1992,0.0446,0.2197,0.0052,0.0628,0.0817,-0.0202,-0.0839,,,0.4569,-0.1433,0.0826,0.0579,0.2534,0.039,0.5042
20,5,1993,0.0703,0.2236,0.0024,0.1115,0.1238,-0.0057,0.1453,,,0.4193,0.2938,0.7016,0.0762,0.2876,0.0246,0.4573
20,6,1994,-0.0131,-0.0748,0.0154,-0.1043,-0.0355,-0.0015,-0.0471,,,0.3734,0.0525,-0.0973,-0.0114,0.2958,0.0153,0.4036
20,7,1995,0.338,0.2899,0.0288,0.2042,0.1829,-0.0073,-0.0152,,,0.3315,0.0879,-0.0756,0.3901,0.2891,0.0097,0.3559
20,8,1996,0.1874,0.1095,0.0164,-0.0183,0.001,-0.0086,-0.0766,,,0.284,0.0294,0.0262,0.3796,0.2635,-0.0031,0.3039
20,9,1997,0.3088,0.2013,0.033,0.081,0.1087,0.0228,-0.2272,,,0.2724,0.0035,-0.1307,0.1861,0.2647,0.0089,0.2894
20,10,1998,0.2631,-0.1483,0.0312,0.131,0.0592,0.0475,-0.024,,,0.2464,0.1842,-0.2652,0.8236,0.2467,0.0068,0.2611
21,1,1990,-0.0864,-0.3207,0.0131,0.0012,0.0016,-0.0641,-0.0869,,,0.1597,-0.2762,-0.157,-0.1557,-0.0011,0.2973,0.1727
21,2,1991,0.2636,0.4193,0.0225,0.1159,0.154,-0.0313,-0.1127,,,0.3765,0.0916,0.5516,0.6009,0.1065,0.1256,0.4182
21,3,1992,0.0446,0.2197,0.0052,0.0628,0.0817,-0.0202,-0.0839,,,0.4607,-0.1433,0.0826,0.0579,0.1911,0.067,0.5135
21,4,1993,0.0703,0.2236,0.0024,0.1115,0.1238,-0.0057,0.1453,,,0.4591,0.2938,0.7016,0.0762,0.2553,0.0405,0.5064
21,5,1994,-0.0131,-0.0748,0.0154,-0.1043,-0.0355,-0.0015,-0.0471,,,0.4204,0.0525,-0.0973,-0.0114,0.2886,0.0254,0.4585
21,6,1995,0.338,0.2899,0.0288,0.2042,0.1829,-0.0073,-0.0152,,,0.3752,0.0879,-0.0756,0.3901,0.2974,0.0166,0.4054
21,7,1996,0.1874,0.1095,0.0164,-0.0183,0.001,-0.0086,-0.0766,,,0.3214,0.0294,0.0262,0.3796,0.2793,0.002,0.3456
21,8,1997,0.3088,0.2013,0.033,0.081,0.1087,0.0228,-0.2272,,,0.3044,0.0035,-0.1307,0.1861,0.2836,0.0128,0.3247
21,9,1998,0.2631,-0.1483,0.0312,0.131,0.0592,0.0475,-0.024,,,0.2735,0.1842,-0.2652,0.8236,0.2658,0.0098,0.2905
21,10,1999,0.1773,0.3463,0.0191,-0.1064,-0.0172,0.0487,-0.0178,,,0.2334,0.2398,0.6207,0.9668,0.2337,-0.0037,0.248
22,1,1991,0.2636,0.4193,0.0225,0.1159,0.154,-0.0313,-0.1127,,,0.1941,0.0916,0.5516,0.6009,0.0284,0.3357,0.2075
22,2,1992,0.0446,0.2197,0.0052,0.0628,0.0817,-0.0202,-0.0839,,,0.3786,-0.1433,0.0826,0.0579,0.1083,0.1273,0.4204
22,3,1993,0.0703,0.2236,0.0024,0.1115,0.1238,-0.0057,0.1453,,,0.4629,0.2938,0.7016,0.0762,0.1928,0.0685,0.5157
22,4,1994,-0.0131,-0.0748,0.0154,-0.1043,-0.0355,-0.0015,-0.0471,,,0.4602,0.0525,-0.0973,-0.0114,0.2563,0.0413,0.5075
22,5,1995,0.338,0.2899,0.0288,0.2042,0.1829,-0.0073,-0.0152,,,0.4222,0.0879,-0.0756,0.3901,0.2902,0.0267,0.4603
22,6,1996,0.1874,0.1095,0.0164,-0.0183,0.001,-0.0086,-0.0766,,,0.3648,0.0294,0.0262,0.3796,0.2877,0.0089,0.3948
22,7,1997,0.3088,0.2013,0.033,0.081,0.1087,0.0228,-0.2272,,,0.3425,0.0035,-0.1307,0.1861,0.2997,0.018,0.3671
22,8,1998,0.2631,-0.1483,0.0312,0.131,0.0592,0.0475,-0.024,,,0.3056,0.1842,-0.2652,0.8236,0.2847,0.0137,0.3259
22,9,1999,0.1773,0.3463,0.0191,-0.1064,-0.0172,0.0487,-0.0178,,,0.2602,0.2398,0.6207,0.9668,0.2526,-0.0007,0.2771
22,10,2000,-0.1201,-0.1226,0.0235,0.1283,0.058,0.0571,-0.0854,,,0.225,-0.1678,-0.3289,-0.3891,0.2253,-0.0105,0.2394
23,1,1992,0.0446,0.2197,0.0052,0.0628,0.0817,-0.0202,-0.0839,,,0.1959,-0.1433,0.0826,0.0579,0.03,0.3378,0.2093
23,2,1993,0.0703,0.2236,0.0024,0.1115,0.1238,-0.0057,0.1453,,,0.3806,0.2938,0.7016,0.0762,0.1099,0.129,0.4225
23,3,1994,-0.0131,-0.0748,0.0154,-0.1043,-0.0355,-0.0015,-0.0471,,,0.464,0.0525,-0.0973,-0.0114,0.1937,0.0693,0.5169
23,4,1995,0.338,0.2899,0.0288,0.2042,0.1829,-0.0073,-0.0152,,,0.4621,0.0879,-0.0756,0.3901,0.2579,0.0426,0.5095
23,5,1996,0.1874,0.1095,0.0164,-0.0183,0.001,-0.0086,-0.0766,,,0.4114,0.0294,0.0262,0.3796,0.2805,0.019,0.4493
23,6,1997,0.3088,0.2013,0.033,0.081,0.1087,0.0228,-0.2272,,,0.3865,0.0035,-0.1307,0.1861,0.3082,0.025,0.417
23,7,1998,0.2631,-0.1483,0.0312,0.131,0.0592,0.0475,-0.024,,,0.3437,0.1842,-0.2652,0.8236,0.3009,0.0189,0.3683
23,8,1999,0.1773,0.3463,0.0191,-0.1064,-0.0172,0.0487,-0.0178,,,0.292,0.2398,0.6207,0.9668,0.2713,0.0031,0.312
23,9,2000,-0.1201,-0.1226,0.0235,0.1283,0.058,0.0571,-0.0854,,,0.2516,-0.1678,-0.3289,-0.3891,0.244,-0.0075,0.2683
23,10,2001,-0.132,0.3012,0.0182,0.0396,0.0688,0.0505,-0.0079,,,0.2472,-0.2241,-0.0386,-0.3368,0.2475,0.0074,0.2618
24,1,1993,0.0703,0.2236,0.0024,0.1115,0.1238,-0.0057,0.1453,,,0.1977,0.2938,0.7016,0.0762,0.0315,0.3398,0.2111
24,2,1994,-0.0131,-0.0748,0.0154,-0.1043,-0.0355,-0.0015,-0.0471,,,0.3817,0.0525,-0.0973,-0.0114,0.1107,0.1298,0.4236
24,3,1995,0.338,0.2899,0.0288,0.2042,0.1829,-0.0073,-0.0152,,,0.4659,0.0879,-0.0756,0.3901,0.1952,0.0707,0.5188
24,4,1996,0.1874,0.1095,0.0164,-0.0183,0.001,-0.0086,-0.0766,,,0.451,0.0294,0.0262,0.3796,0.2484,0.0347,0.4981
24,5,1997,0.3088,0.2013,0.033,0.081,0.1087,0.0228,-0.2272,,,0.4339,0.0035,-0.1307,0.1861,0.3009,0.0352,0.4724
24,6,1998,0.2631,-0.1483,0.0312,0.131,0.0592,0.0475,-0.024,,,0.3878,0.1842,-0.2652,0.8236,0.3093,0.0259,0.4183
24,7,1999,0.1773,0.3463,0.0191,-0.1064,-0.0172,0.0487,-0.0178,,,0.3297,0.2398,0.6207,0.9668,0.2873,0.0083,0.354
24,8,2000,-0.1201,-0.1226,0.0235,0.1283,0.058,0.0571,-0.0854,,,0.2831,-0.1678,-0.3289,-0.3891,0.2626,-0.0038,0.303
24,9,2001,-0.132,0.3012,0.0182,0.0396,0.0688,0.0505,-0.0079,,,0.2742,-0.2241,-0.0386,-0.3368,0.2666,0.0104,0.2913
24,10,2002,-0.2378,-0.0582,-0.0075,0.1244,0.0953,0.0701,0.2265,,,0.2371,-0.1762,-0.0819,-0.3903,0.2374,-0.0008,0.2516
25,1,1994,-0.0131,-0.0748,0.0154,-0.1043,-0.0355,-0.0015,-0.0471,,,0.1986,0.0525,-0.0973,-0.0114,0.0323,0.3408,0.212
25,2,1995,0.338,0.2899,0.0288,0.2042,0.1829,-0.0073,-0.0152,,,0.3835,0.0879,-0.0756,0.3901,0.1122,0.1313,0.4254
25,3,1996,0.1874,0.1095,0.0164,-0.0183,0.001,-0.0086,-0.0766,,,0.4548,0.0294,0.0262,0.3796,0.1862,0.0626,0.5074
25,4,1997,0.3088,0.2013,0.033,0.081,0.1087,0.0228,-0.2272,,,0.4741,0.0035,-0.1307,0.1861,0.2682,0.0512,0.5219
25,5,1998,0.2631,-0.1483,0.0312,0.131,0.0592,0.0475,-0.024,,,0.4352,0.1842,-0.2652,0.8236,0.302,0.0361,0.4737
25,6,1999,0.1773,0.3463,0.0191,-0.1064,-0.0172,0.0487,-0.0178,,,0.3733,0.2398,0.6207,0.9668,0.2957,0.0152,0.4035
25,7,2000,-0.1201,-0.1226,0.0235,0.1283,0.058,0.0571,-0.0854,,,0.3205,-0.1678,-0.3289,-0.3891,0.2785,0.0014,0.3447
25,8,2001,-0.132,0.3012,0.0182,0.0396,0.0688,0.0505,-0.0079,,,0.3064,-0.2241,-0.0386,-0.3368,0.2855,0.0143,0.3266
25,9,2002,-0.2378,-0.0582,-0.0075,0.1244,0.0953,0.0701,0.2265,,,0.2639,-0.1762,-0.0819,-0.3903,0.2563,0.0022,0.2808
25,10,2003,0.2599,0.8837,-0.0085,-0.0147,0.1025,0.0778,0.1768,,,0.2431,0.366,0.534,0.4637,0.2434,0.0041,0.2578
26,1,1995,0.338,0.2899,0.0288,0.2042,0.1829,-0.0073,-0.0152,,,0.2001,0.0879,-0.0756,0.3901,0.0336,0.3425,0.2136
26,2,1996,0.1874,0.1095,0.0164,-0.0183,0.001,-0.0086,-0.0766,,,0.373,0.0294,0.0262,0.3796,0.1038,0.1227,0.4146
26,3,1997,0.3088,0.2013,0.033,0.081,0.1087,0.0228,-0.2272,,,0.478,0.0035,-0.1307,0.1861,0.2051,0.0795,0.5314
26,4,1998,0.2631,-0.1483,0.0312,0.131,0.0592,0.0475,-0.024,,,0.4754,0.1842,-0.2652,0.8236,0.2694,0.0522,0.5233
26,5,1999,0.1773,0.3463,0.0191,-0.1064,-0.0172,0.0487,-0.0178,,,0.4202,0.2398,0.6207,0.9668,0.2885,0.0253,0.4583
26,6,2000,-0.1201,-0.1226,0.0235,0.1283,0.058,0.0571,-0.0854,,,0.3639,-0.1678,-0.3289,-0.3891,0.2868,0.0082,0.3938
26,7,2001,-0.132,0.3012,0.0182,0.0396,0.0688,0.0505,-0.0079,,,0.3445,-0.2241,-0.0386,-0.3368,0.3016,0.0195,0.3691
26,8,2002,-0.2378,-0.0582,-0.0075,0.1244,0.0953,0.0701,0.2265,,,0.2958,-0.1762,-0.0819,-0.3903,0.2751,0.0061,0.3159
26,9,2003,0.2599,0.8837,-0.0085,-0.0147,0.1025,0.0778,0.1768,,,0.2701,0.366,0.534,0.4637,0.2625,0.0072,0.2871
26,10,2004,0.0724,0.1378,-0.0183,0.0119,0.0687,0.1005,0.0135,,,0.2265,0.1689,0.2197,0.0695,0.2268,-0.0093,0.2409
27,1,1996,0.1874,0.1095,0.0164,-0.0183,0.001,-0.0086,-0.0766,,,0.1911,0.0294,0.0262,0.3796,0.0258,0.3324,0.2044
27,2,1997,0.3088,0.2013,0.033,0.081,0.1087,0.0228,-0.2272,,,0.3949,0.0035,-0.1307,0.1861,0.1213,0.1406,0.4372
27,3,1998,0.2631,-0.1483,0.0312,0.131,0.0592,0.0475,-0.024,,,0.4793,0.1842,-0.2652,0.8236,0.2062,0.0805,0.5327
27,4,1999,0.1773,0.3463,0.0191,-0.1064,-0.0172,0.0487,-0.0178,,,0.4601,0.2398,0.6207,0.9668,0.2561,0.0412,0.5074
27,5,2000,-0.1201,-0.1226,0.0235,0.1283,0.058,0.0571,-0.0854,,,0.4105,-0.1678,-0.3289,-0.3891,0.2796,0.0183,0.4483
27,6,2001,-0.132,0.3012,0.0182,0.0396,0.0688,0.0505,-0.0079,,,0.3886,-0.2241,-0.0386,-0.3368,0.3101,0.0265,0.4191
27,7,2002,-0.2378,-0.0582,-0.0075,0.1244,0.0953,0.0701,0.2265,,,0.3336,-0.1762,-0.0819,-0.3903,0.2911,0.0112,0.358
27,8,2003,0.2599,0.8837,-0.0085,-0.0147,0.1025,0.0778,0.1768,,,0.3021,0.366,0.534,0.4637,0.2813,0.011,0.3223
27,9,2004,0.0724,0.1378,-0.0183,0.0119,0.0687,0.1005,0.0135,,,0.2531,0.1689,0.2197,0.0695,0.2456,-0.0063,0.2699
27,10,2005,0.0136,0.0049,-0.0026,-0.0053,0.0182,0.0976,0.1388,,,0.2246,0.1025,0.3009,-0.0187,0.2249,-0.0108,0.239
28,1,1997,0.3088,0.2013,0.033,0.081,0.1087,0.0228,-0.2272,,,0.21,0.0035,-0.1307,0.1861,0.0422,0.3536,0.2236
28,2,1998,0.2631,-0.1483,0.0312,0.131,0.0592,0.0475,-0.024,,,0.3961,0.1842,-0.2652,0.8236,0.1223,0.1416,0.4384
28,3,1999,0.1773,0.3463,0.0191,-0.1064,-0.0172,0.0487,-0.0178,,,0.4639,0.2398,0.6207,0.9668,0.1936,0.0692,0.5168
28,4,2000,-0.1201,-0.1226,0.0235,0.1283,0.058,0.0571,-0.0854,,,0.45,-0.1678,-0.3289,-0.3891,0.2475,0.034,0.4971
28,5,2001,-0.132,0.3012,0.0182,0.0396,0.0688,0.0505,-0.0079,,,0.436,-0.2241,-0.0386,-0.3368,0.3028,0.0367,0.4745
28,6,2002,-0.2378,-0.0582,-0.0075,0.1244,0.0953,0.0701,0.2265,,,0.3773,-0.1762,-0.0819,-0.3903,0.2995,0.0182,0.4076
28,7,2003,0.2599,0.8837,-0.0085,-0.0147,0.1025,0.0778,0.1768,,,0.3401,0.366,0.534,0.4637,0.2974,0.0162,0.3646
28,8,2004,0.0724,0.1378,-0.0183,0.0119,0.0687,0.1005,0.0135,,,0.2847,0.1689,0.2197,0.0695,0.2642,-0.0025,0.3047
28,9,2005,0.0136,0.0049,-0.0026,-0.0053,0.0182,0.0976,0.1388,,,0.2512,0.1025,0.3009,-0.0187,0.2437,-0.0078,0.2679
28,10,2006,0.1275,0.1554,0.0214,-0.0057,0.0259,-0.0079,0.2015,,,0.2351,0.2372,0.2927,0.0414,0.2354,-0.0023,0.2497
29,1,1998,0.2631,-0.1483,0.0312,0.131,0.0592,0.0475,-0.024,,,0.2111,0.1842,-0.2652,0.8236,0.0431,0.3548,0.2247
29,2,1999,0.1773,0.3463,0.0191,-0.1064,-0.0172,0.0487,-0.0178,,,0.3816,0.2398,0.6207,0.9668,0.1106,0.1297,0.4235
29,3,2000,-0.1201,-0.1226,0.0235,0.1283,0.058,0.0571,-0.0854,,,0.4538,-0.1678,-0.3289,-0.3891,0.1854,0.0619,0.5063
29,4,2001,-0.132,0.3012,0.0182,0.0396,0.0688,0.0505,-0.0079,,,0.4763,-0.2241,-0.0386,-0.3368,0.2701,0.0528,0.5242
29,5,2002,-0.2378,-0.0582,-0.0075,0.1244,0.0953,0.0701,0.2265,,,0.4244,-0.1762,-0.0819,-0.3903,0.2922,0.0283,0.4626
29,6,2003,0.2599,0.8837,-0.0085,-0.0147,0.1025,0.0778,0.1768,,,0.3841,0.366,0.534,0.4637,0.3059,0.0232,0.4145
29,7,2004,0.0724,0.1378,-0.0183,0.0119,0.0687,0.1005,0.0135,,,0.3222,0.1689,0.2197,0.0695,0.2801,0.0026,0.3464
29,8,2005,0.0136,0.0049,-0.0026,-0.0053,0.0182,0.0976,0.1388,,,0.2827,0.1025,0.3009,-0.0187,0.2622,-0.0041,0.3026
29,9,2006,0.1275,0.1554,0.0214,-0.0057,0.0259,-0.0079,0.2015,,,0.2619,0.2372,0.2927,0.0414,0.2543,0.0007,0.2788
29,10,2007,0.0135,-0.1271,0.0027,0.0589,0.0073,-0.0911,0.2675,,,0.2169,0.0725,0.3434,0.1402,0.2171,-0.0171,0.2312
30,1,1999,0.1773,0.3463,0.0191,-0.1064,-0.0172,0.0487,-0.0178,,,0.1985,0.2398,0.6207,0.9668,0.0322,0.3407,0.2119
30,2,2000,-0.1201,-0.1226,0.0235,0.1283,0.058,0.0571,-0.0854,,,0.3721,-0.1678,-0.3289,-0.3891,0.103,0.122,0.4137
30,3,2001,-0.132,0.3012,0.0182,0.0396,0.0688,0.0505,-0.0079,,,0.4802,-0.2241,-0.0386,-0.3368,0.2069,0.0811,0.5336
30,4,2002,-0.2378,-0.0582,-0.0075,0.1244,0.0953,0.0701,0.2265,,,0.4643,-0.1762,-0.0819,-0.3903,0.2598,0.0442,0.5118
30,5,2003,0.2599,0.8837,-0.0085,-0.0147,0.1025,0.0778,0.1768,,,0.4314,0.366,0.534,0.4637,0.2986,0.0334,0.4698
30,6,2004,0.0724,0.1378,-0.0183,0.0119,0.0687,0.1005,0.0135,,,0.3656,0.1689,0.2197,0.0695,0.2884,0.0095,0.3956
30,7,2005,0.0136,0.0049,-0.0026,-0.0053,0.0182,0.0976,0.1388,,,0.3202,0.1025,0.3009,-0.0187,0.2781,0.0011,0.3443
30,8,2006,0.1275,0.1554,0.0214,-0.0057,0.0259,-0.0079,0.2015,,,0.2937,0.2372,0.2927,0.0414,0.2731,0.0045,0.3138
30,9,2007,0.0135,-0.1271,0.0027,0.0589,0.0073,-0.0911,0.2675,,,0.2433,0.0725,0.3434,0.1402,0.2358,-0.0141,0.2599
30,10,2008,-0.3661,-0.4489,0.0128,0.1999,-0.0363,-0.1208,0.0423,,,0.2654,-0.4311,-0.5322,-0.4194,0.2657,0.0221,0.2802
31,1,2000,-0.1201,-0.1226,0.0235,0.1283,0.058,0.0571,-0.0854,,,0.1903,-0.1678,-0.3289,-0.3891,0.0251,0.3315,0.2036
31,2,2001,-0.132,0.3012,0.0182,0.0396,0.0688,0.0505,-0.0079,,,0.3969,-0.2241,-0.0386,-0.3368,0.123,0.1423,0.4393
31,3,2002,-0.2378,-0.0582,-0.0075,0.1244,0.0953,0.0701,0.2265,,,0.4682,-0.1762,-0.0819,-0.3903,0.1971,0.0724,0.5212
31,4,2003,0.2599,0.8837,-0.0085,-0.0147,0.1025,0.0778,0.1768,,,0.4715,0.366,0.534,0.4637,0.266,0.0494,0.5192
31,5,2004,0.0724,0.1378,-0.0183,0.0119,0.0687,0.1005,0.0135,,,0.4123,0.1689,0.2197,0.0695,0.2812,0.0196,0.4501
31,6,2005,0.0136,0.0049,-0.0026,-0.0053,0.0182,0.0976,0.1388,,,0.3635,0.1025,0.3009,-0.0187,0.2864,0.0079,0.3934
31,7,2006,0.1275,0.1554,0.0214,-0.0057,0.0259,-0.0079,0.2015,,,0.3315,0.2372,0.2927,0.0414,0.2891,0.0097,0.3559
31,8,2007,0.0135,-0.1271,0.0027,0.0589,0.0073,-0.0911,0.2675,,,0.2746,0.0725,0.3434,0.1402,0.2542,-0.0104,0.2944
31,9,2008,-0.3661,-0.4489,0.0128,0.1999,-0.0363,-0.1208,0.0423,,,0.2928,-0.4311,-0.5322,-0.4194,0.285,0.0252,0.3101
31,10,2009,0.2261,0.4357,-0.025,-0.1347,0.1703,-0.064,0.2173,,,0.233,0.2895,0.7428,0.4947,0.2333,-0.0041,0.2475
32,1,2001,-0.132,0.3012,0.0182,0.0396,0.0688,0.0505,-0.0079,,,0.2118,-0.2241,-0.0386,-0.3368,0.0437,0.3556,0.2254
32,2,2002,-0.2378,-0.0582,-0.0075,0.1244,0.0953,0.0701,0.2265,,,0.3856,-0.1762,-0.0819,-0.3903,0.1139,0.133,0.4276
32,3,2003,0.2599,0.8837,-0.0085,-0.0147,0.1025,0.0778,0.1768,,,0.4754,0.366,0.534,0.4637,0.203,0.0776,0.5287
32,4,2004,0.0724,0.1378,-0.0183,0.0119,0.0687,0.1005,0.0135,,,0.4519,0.1689,0.2197,0.0695,0.2491,0.0353,0.4989
32,5,2005,0.0136,0.0049,-0.0026,-0.0053,0.0182,0.0976,0.1388,,,0.4101,0.1025,0.3009,-0.0187,0.2792,0.018,0.4479
32,6,2006,0.1275,0.1554,0.0214,-0.0057,0.0259,-0.0079,0.2015,,,0.3752,0.2372,0.2927,0.0414,0.2974,0.0166,0.4054
32,7,2007,0.0135,-0.1271,0.0027,0.0589,0.0073,-0.0911,0.2675,,,0.3118,0.0725,0.3434,0.1402,0.27,-0.0053,0.3358
32,8,2008,-0.3661,-0.4489,0.0128,0.1999,-0.0363,-0.1208,0.0423,,,0.3254,-0.4311,-0.5322,-0.4194,0.3042,0.0291,0.346
32,9,2009,0.2261,0.4357,-0.025,-0.1347,0.1703,-0.064,0.2173,,,0.2597,0.2895,0.7428,0.4947,0.2521,-0.0011,0.2766
32,10,2010,0.1312,0.2634,-0.0134,0.0686,0.0779,-0.0554,0.2733,,,0.2478,0.0661,0.1744,0.1746,0.2481,0.0079,0.2625
33,1,2002,-0.2378,-0.0582,-0.0075,0.1244,0.0953,0.0701,0.2265,,,0.202,-0.1762,-0.0819,-0.3903,0.0353,0.3446,0.2155
33,2,2003,0.2599,0.8837,-0.0085,-0.0147,0.1025,0.0778,0.1768,,,0.3924,0.366,0.534,0.4637,0.1194,0.1386,0.4346
33,3,2004,0.0724,0.1378,-0.0183,0.0119,0.0687,0.1005,0.0135,,,0.4556,0.1689,0.2197,0.0695,0.1869,0.0632,0.5082
33,4,2005,0.0136,0.0049,-0.0026,-0.0053,0.0182,0.0976,0.1388,,,0.4496,0.1025,0.3009,-0.0187,0.2471,0.0337,0.4966
33,5,2006,0.1275,0.1554,0.0214,-0.0057,0.0259,-0.0079,0.2015,,,0.4222,0.2372,0.2927,0.0414,0.2902,0.0267,0.4603
33,6,2007,0.0135,-0.1271,0.0027,0.0589,0.0073,-0.0911,0.2675,,,0.3548,0.0725,0.3434,0.1402,0.2782,0.0015,0.3846
33,7,2008,-0.3661,-0.4489,0.0128,0.1999,-0.0363,-0.1208,0.0423,,,0.3641,-0.4311,-0.5322,-0.4194,0.3206,0.0344,0.389
33,8,2009,0.2261,0.4357,-0.025,-0.1347,0.1703,-0.064,0.2173,,,0.2915,0.2895,0.7428,0.4947,0.2708,0.0027,0.3115
33,9,2010,0.1312,0.2634,-0.0134,0.0686,0.0779,-0.0554,0.2733,,,0.2749,0.0661,0.1744,0.1746,0.2672,0.0109,0.2919
33,10,2011,-0.0084,-0.1662,-0.0283,0.127,0.0903,-0.0665,0.088,,,0.2301,-0.1427,-0.2052,-0.0025,0.2304,-0.0064,0.2446
34,1,2003,0.2599,0.8837,-0.0085,-0.0147,0.1025,0.0778,0.1768,,,0.2079,0.366,0.534,0.4637,0.0403,0.3512,0.2214
34,2,2004,0.0724,0.1378,-0.0183,0.0119,0.0687,0.1005,0.0135,,,0.3738,0.1689,0.2197,0.0695,0.1044,0.1234,0.4155
34,3,2005,0.0136,0.0049,-0.0026,-0.0053,0.0182,0.0976,0.1388,,,0.4534,0.1025,0.3009,-0.0187,0.1851,0.0616,0.5059
34,4,2006,0.1275,0.1554,0.0214,-0.0057,0.0259,-0.0079,0.2015,,,0.4621,0.2372,0.2927,0.0414,0.2579,0.0426,0.5095
34,5,2007,0.0135,-0.1271,0.0027,0.0589,0.0073,-0.0911,0.2675,,,0.4011,0.0725,0.3434,0.1402,0.2711,0.0115,0.4387
34,6,2008,-0.3661,-0.4489,0.0128,0.1999,-0.0363,-0.1208,0.0423,,,0.4088,-0.4311,-0.5322,-0.4194,0.3292,0.0415,0.4398
34,7,2009,0.2261,0.4357,-0.025,-0.1347,0.1703,-0.064,0.2173,,,0.3291,0.2895,0.7428,0.4947,0.2868,0.0079,0.3535
34,8,2010,0.1312,0.2634,-0.0134,0.0686,0.0779,-0.0554,0.2733,,,0.307,0.0661,0.1744,0.1746,0.2861,0.0148,0.3273
34,9,2011,-0.0084,-0.1662,-0.0283,0.127,0.0903,-0.0665,0.088,,,0.2568,-0.1427,-0.2052,-0.0025,0.2492,-0.0034,0.2736
34,10,2012,0.1391,0.167,-0.0162,0.0121,0.0746,0.0462,0.0387,,,0.2448,0.1588,0.166,0.1482,0.2451,0.0055,0.2595
35,1,2004,0.0724,0.1378,-0.0183,0.0119,0.0687,0.1005,0.0135,,,0.1917,0.1689,0.2197,0.0695,0.0264,0.3331,0.2051
35,2,2005,0.0136,0.0049,-0.0026,-0.0053,0.0182,0.0976,0.1388,,,0.3717,0.1025,0.3009,-0.0187,0.1027,0.1216,0.4133
35,3,2006,0.1275,0.1554,0.0214,-0.0057,0.0259,-0.0079,0.2015,,,0.4659,0.2372,0.2927,0.0414,0.1952,0.0707,0.5188
35,4,2007,0.0135,-0.1271,0.0027,0.0589,0.0073,-0.0911,0.2675,,,0.4404,0.0725,0.3434,0.1402,0.2392,0.0272,0.4871
35,5,2008,-0.3661,-0.4489,0.0128,0.1999,-0.0363,-0.1208,0.0423,,,0.457,-0.4311,-0.5322,-0.4194,0.3218,0.0519,0.4961
35,6,2009,0.2261,0.4357,-0.025,-0.1347,0.1703,-0.064,0.2173,,,0.3728,0.2895,0.7428,0.4947,0.2952,0.0148,0.4029
35,7,2010,0.1312,0.2634,-0.0134,0.0686,0.0779,-0.0554,0.2733,,,0.3451,0.0661,0.1744,0.1746,0.3023,0.02,0.3698
35,8,2011,-0.0084,-0.1662,-0.0283,0.127,0.0903,-0.0665,0.088,,,0.2885,-0.1427,-0.2052,-0.0025,0.2679,0.0004,0.3085
35,9,2012,0.1391,0.167,-0.0162,0.0121,0.0746,0.0462,0.0387,,,0.2719,0.1588,0.166,0.1482,0.2642,0.0086,0.2889
35,10,2013,0.302,0.4845,-0.0142,-0.1044,-0.0244,0.0908,-0.2868,,,0.2478,0.2147,-0.0371,0.33,0.2481,0.0079,0.2625
36,1,2005,0.0136,0.0049,-0.0026,-0.0053,0.0182,0.0976,0.1388,,,0.1899,0.1025,0.3009,-0.0187,0.0249,0.3311,0.2032
36,2,2006,0.1275,0.1554,0.0214,-0.0057,0.0259,-0.0079,0.2015,,,0.3835,0.2372,0.2927,0.0414,0.1122,0.1313,0.4254
36,3,2007,0.0135,-0.1271,0.0027,0.0589,0.0073,-0.0911,0.2675,,,0.4442,0.0725,0.3434,0.1402,0.1776,0.0549,0.4963
36,4,2008,-0.3661,-0.4489,0.0128,0.1999,-0.0363,-0.1208,0.0423,,,0.4979,-0.4311,-0.5322,-0.4194,0.2886,0.0681,0.5464
36,5,2009,0.2261,0.4357,-0.025,-0.1347,0.1703,-0.064,0.2173,,,0.4197,0.2895,0.7428,0.4947,0.288,0.0249,0.4577
36,6,2010,0.1312,0.2634,-0.0134,0.0686,0.0779,-0.0554,0.2733,,,0.3893,0.0661,0.1744,0.1746,0.3107,0.027,0.4198
36,7,2011,-0.0084,-0.1662,-0.0283,0.127,0.0903,-0.0665,0.088,,,0.326,-0.1427,-0.2052,-0.0025,0.2838,0.0055,0.3503
36,8,2012,0.1391,0.167,-0.0162,0.0121,0.0746,0.0462,0.0387,,,0.3039,0.1588,0.166,0.1482,0.2831,0.0124,0.3242
36,9,2013,0.302,0.4845,-0.0142,-0.1044,-0.0244,0.0908,-0.2868,,,0.2749,0.2147,-0.0371,0.33,0.2672,0.0109,0.2919
36,10,2014,0.1266,0.0082,-0.0072,0.0991,0.0994,0.0371,-0.0064,,,0.2569,-0.052,-0.0256,0.1705,0.2572,0.0153,0.2717
37,1,2006,0.1275,0.1554,0.0214,-0.0057,0.0259,-0.0079,0.2015,,,0.2001,0.2372,0.2927,0.0414,0.0336,0.3425,0.2136
37,2,2007,0.0135,-0.1271,0.0027,0.0589,0.0073,-0.0911,0.2675,,,0.363,0.0725,0.3434,0.1402,0.0957,0.1145,0.4043
37,3,2008,-0.3661,-0.4489,0.0128,0.1999,-0.0363,-0.1208,0.0423,,,0.5017,-0.4311,-0.5322,-0.4194,0.2245,0.0969,0.556
37,4,2009,0.2261,0.4357,-0.025,-0.1347,0.1703,-0.064,0.2173,,,0.4595,0.2895,0.7428,0.4947,0.2556,0.0408,0.5068
37,5,2010,0.1312,0.2634,-0.0134,0.0686,0.0779,-0.0554,0.2733,,,0.4367,0.0661,0.1744,0.1746,0.3034,0.0372,0.4753
37,6,2011,-0.0084,-0.1662,-0.0283,0.127,0.0903,-0.0665,0.088,,,0.3696,-0.1427,-0.2052,-0.0025,0.2922,0.0124,0.3997
37,7,2012,0.1391,0.167,-0.0162,0.0121,0.0746,0.0462,0.0387,,,0.342,0.1588,0.166,0.1482,0.2992,0.0176,0.3665
37,8,2013,0.302,0.4845,-0.0142,-0.1044,-0.0244,0.0908,-0.2868,,,0.307,0.2147,-0.0371,0.33,0.2861,0.0148,0.3273
37,9,2014,0.1266,0.0082,-0.0072,0.0991,0.0994,0.0371,-0.0064,,,0.2842,-0.052,-0.0256,0.1705,0.2765,0.0184,0.3014
37,10,2015,0.0065,-0.0987,-0.0068,0.0055,-0.0221,0.0443,-0.1275,,,0.2573,-0.0111,-0.1522,0.0764,0.2576,0.0156,0.2721
38,1,2007,0.0135,-0.1271,0.0027,0.0589,0.0073,-0.0911,0.2675,,,0.1824,0.0725,0.3434,0.1402,0.0184,0.3226,0.1956
38,2,2008,-0.3661,-0.4489,0.0128,0.1999,-0.0363,-0.1208,0.0423,,,0.4173,-0.4311,-0.5322,-0.4194,0.1394,0.159,0.4603
38,3,2009,0.2261,0.4357,-0.025,-0.1347,0.1703,-0.064,0.2173,,,0.4633,0.2895,0.7428,0.4947,0.1931,0.0688,0.5162
38,4,2010,0.1312,0.2634,-0.0134,0.0686,0.0779,-0.0554,0.2733,,,0.477,0.0661,0.1744,0.1746,0.2707,0.0533,0.5249
38,5,2011,-0.0084,-0.1662,-0.0283,0.127,0.0903,-0.0665,0.088,,,0.4164,-0.1427,-0.2052,-0.0025,0.285,0.0225,0.4544
38,6,2012,0.1391,0.167,-0.0162,0.0121,0.0746,0.0462,0.0387,,,0.386,0.1588,0.166,0.1482,0.3076,0.0246,0.4165
38,7,2013,0.302,0.4845,-0.0142,-0.1044,-0.0244,0.0908,-0.2868,,,0.3451,0.2147,-0.0371,0.33,0.3023,0.02,0.3698
38,8,2014,0.1266,0.0082,-0.0072,0.0991,0.0994,0.0371,-0.0064,,,0.3166,-0.052,-0.0256,0.1705,0.2956,0.0222,0.337
38,9,2015,0.0065,-0.0987,-0.0068,0.0055,-0.0221,0.0443,-0.1275,,,0.2846,-0.0111,-0.1522,0.0764,0.2769,0.0187,0.3018
38,10,2016,0.095,0.1512,-0.0171,-0.0135,0.0926,0.0317,0.0591,,,0.2408,-0.0055,0.0934,0.0374,0.2411,0.0023,0.2554
39,1,2008,-0.3661,-0.4489,0.0128,0.1999,-0.0363,-0.1208,0.0423,,,0.2295,-0.4311,-0.5322,-0.4194,0.0589,0.3754,0.2433
39,2,2009,0.2261,0.4357,-0.025,-0.1347,0.1703,-0.064,0.2173,,,0.381,0.2895,0.7428,0.4947,0.1102,0.1293,0.4229
39,3,2010,0.1312,0.2634,-0.0134,0.0686,0.0779,-0.0554,0.2733,,,0.4809,0.0661,0.1744,0.1746,0.2075,0.0817,0.5344
39,4,2011,-0.0084,-0.1662,-0.0283,0.127,0.0903,-0.0665,0.088,,,0.4561,-0.1427,-0.2052,-0.0025,0.2527,0.0384,0.5033
39,5,2012,0.1391,0.167,-0.0162,0.0121,0.0746,0.0462,0.0387,,,0.4334,0.1588,0.166,0.1482,0.3004,0.0348,0.4718
39,6,2013,0.302,0.4845,-0.0142,-0.1044,-0.0244,0.0908,-0.2868,,,0.3893,0.2147,-0.0371,0.33,0.3107,0.027,0.4198
39,7,2014,0.1266,0.0082,-0.0072,0.0991,0.0994,0.0371,-0.0064,,,0.355,-0.052,-0.0256,0.1705,0.3118,0.0275,0.3798
39,8,2015,0.0065,-0.0987,-0.0068,0.0055,-0.0221,0.0443,-0.1275,,,0.317,-0.0111,-0.1522,0.0764,0.2959,0.0225,0.3374
39,9,2016,0.095,0.1512,-0.0171,-0.0135,0.0926,0.0317,0.0591,,,0.2678,-0.0055,0.0934,0.0374,0.2601,0.0053,0.2847
39,10,2017,0.191,0.1308,-0.0116,0.0068,0.0697,0.0402,0.1033,,,0.2403,0.2302,0.349,0.288,0.2406,0.0019,0.2549
40,1,2009,0.2261,0.4357,-0.025,-0.1347,0.1703,-0.064,0.2173,,,0.198,0.2895,0.7428,0.4947,0.0318,0.3401,0.2114
40,2,2010,0.1312,0.2634,-0.0134,0.0686,0.0779,-0.0554,0.2733,,,0.3976,0.0661,0.1744,0.1746,0.1235,0.1429,0.44
40,3,2011,-0.0084,-0.1662,-0.0283,0.127,0.0903,-0.0665,0.088,,,0.4599,-0.1427,-0.2052,-0.0025,0.1904,0.0663,0.5126
40,4,2012,0.1391,0.167,-0.0162,0.0121,0.0746,0.0462,0.0387,,,0.4736,0.1588,0.166,0.1482,0.2677,0.0508,0.5213
40,5,2013,0.302,0.4845,-0.0142,-0.1044,-0.0244,0.0908,-0.2868,,,0.4367,0.2147,-0.0371,0.33,0.3034,0.0372,0.4753
40,6,2014,0.1266,0.0082,-0.0072,0.0991,0.0994,0.0371,-0.0064,,,0.3995,-0.052,-0.0256,0.1705,0.3204,0.0345,0.4302
40,7,2015,0.0065,-0.0987,-0.0068,0.0055,-0.0221,0.0443,-0.1275,,,0.3554,-0.0111,-0.1522,0.0764,0.3122,0.0278,0.3802
40,8,2016,0.095,0.1512,-0.0171,-0.0135,0.0926,0.0317,0.0591,,,0.2997,-0.0055,0.0934,0.0374,0.2789,0.0091,0.3199
40,9,2017,0.191,0.1308,-0.0116,0.0068,0.0697,0.0402,0.1033,,,0.2673,0.2302,0.349,0.288,0.2596,0.0049,0.2842
40,10,2018,-0.0602,-0.1783,0.0003,-0.0189,-0.0508,0.0256,-0.0279,,,0.2428,-0.1498,-0.1586,-0.0289,0.2431,0.0038,0.2574
41,1,2010,0.1312,0.2634,-0.0134,0.0686,0.0779,-0.0554,0.2733,,,0.2124,0.0661,0.1744,0.1746,0.0442,0.3563,0.226
41,2,2011,-0.0084,-0.1662,-0.0283,0.127,0.0903,-0.0665,0.088,,,0.3778,-0.1427,-0.2052,-0.0025,0.1076,0.1267,0.4196
41,3,2012,0.1391,0.167,-0.0162,0.0121,0.0746,0.0462,0.0387,,,0.4774,0.1588,0.166,0.1482,0.2046,0.0791,0.5308
41,4,2013,0.302,0.4845,-0.0142,-0.1044,-0.0244,0.0908,-0.2868,,,0.477,0.2147,-0.0371,0.33,0.2707,0.0533,0.5249
41,5,2014,0.1266,0.0082,-0.0072,0.0991,0.0994,0.0371,-0.0064,,,0.4473,-0.052,-0.0256,0.1705,0.313,0.0449,0.4861
41,6,2015,0.0065,-0.0987,-0.0068,0.0055,-0.0221,0.0443,-0.1275,,,0.3999,-0.0111,-0.1522,0.0764,0.3208,0.0348,0.4307
41,7,2016,0.095,0.1512,-0.0171,-0.0135,0.0926,0.0317,0.0591,,,0.3376,-0.0055,0.0934,0.0374,0.295,0.0143,0.3621
41,8,2017,0.191,0.1308,-0.0116,0.0068,0.0697,0.0402,0.1033,,,0.2992,0.2302,0.349,0.288,0.2784,0.0087,0.3194
41,9,2018,-0.0602,-0.1783,0.0003,-0.0189,-0.0508,0.0256,-0.0279,,,0.2697,-0.1498,-0.1586,-0.0289,0.2621,0.0069,0.2867
41,10,2019,0.2827,0.0976,-0.0022,0.0719,0.1267,0.0137,0.1641,,,0.2381,0.1991,0.1622,0.3487,0.2384,0.0001,0.2527
42,1,2011,-0.0084,-0.1662,-0.0283,0.127,0.0903,-0.0665,0.088,,,0.1952,-0.1427,-0.2052,-0.0025,0.0294,0.337,0.2086
42,2,2012,0.1391,0.167,-0.0162,0.0121,0.0746,0.0462,0.0387,,,0.3943,0.1588,0.166,0.1482,0.1209,0.1402,0.4366
42,3,2013,0.302,0.4845,-0.0142,-0.1044,-0.0244,0.0908,-0.2868,,,0.4809,0.2147,-0.0371,0.33,0.2075,0.0817,0.5344
42,4,2014,0.1266,0.0082,-0.0072,0.0991,0.0994,0.0371,-0.0064,,,0.4879,-0.052,-0.0256,0.1705,0.2801,0.061,0.5361
42,5,2015,0.0065,-0.0987,-0.0068,0.0055,-0.0221,0.0443,-0.1275,,,0.4477,-0.0111,-0.1522,0.0764,0.3134,0.0452,0.4865
42,6,2016,0.095,0.1512,-0.0171,-0.0135,0.0926,0.0317,0.0591,,,0.3815,-0.0055,0.0934,0.0374,0.3034,0.0213,0.4119
42,7,2017,0.191,0.1308,-0.0116,0.0068,0.0697,0.0402,0.1033,,,0.3371,0.2302,0.349,0.288,0.2945,0.0139,0.3616
42,8,2018,-0.0602,-0.1783,0.0003,-0.0189,-0.0508,0.0256,-0.0279,,,0.3017,-0.1498,-0.1586,-0.0289,0.2809,0.0107,0.322
42,9,2019,0.2827,0.0976,-0.0022,0.0719,0.1267,0.0137,0.1641,,,0.265,0.1991,0.1622,0.3487,0.2574,0.0031,0.2819
42,10,2020,0.1644,0.3292,-0.01,0.0984,0.0912,0.0895,0.225,,,0.2495,0.0683,0.171,0.456,0.2498,0.0093,0.2642
43,1,2012,0.1391,0.167,-0.0162,0.0121,0.0746,0.0462,0.0387,,,0.2096,0.1588,0.166,0.1482,0.0418,0.3531,0.2231
43,2,2013,0.302,0.4845,-0.0142,-0.1044,-0.0244,0.0908,-0.2868,,,0.3976,0.2147,-0.0371,0.33,0.1235,0.1429,0.44
43,3,2014,0.1266,0.0082,-0.0072,0.0991,0.0994,0.0371,-0.0064,,,0.4918,-0.052,-0.0256,0.1705,0.2164,0.0896,0.5457
43,4,2015,0.0065,-0.0987,-0.0068,0.0055,-0.0221,0.0443,-0.1275,,,0.4883,-0.0111,-0.1522,0.0764,0.2805,0.0614,0.5366
43,5,2016,0.095,0.1512,-0.0171,-0.0135,0.0926,0.0317,0.0591,,,0.4287,-0.0055,0.0934,0.0374,0.2962,0.0314,0.467
43,6,2017,0.191,0.1308,-0.0116,0.0068,0.0697,0.0402,0.1033,,,0.381,0.2302,0.349,0.288,0.3029,0.0209,0.4113
43,7,2018,-0.0602,-0.1783,0.0003,-0.0189,-0.0508,0.0256,-0.0279,,,0.3397,-0.1498,-0.1586,-0.0289,0.297,0.0159,0.3642
43,8,2019,0.2827,0.0976,-0.0022,0.0719,0.1267,0.0137,0.1641,,,0.2969,0.1991,0.1622,0.3487,0.2762,0.0069,0.317
43,9,2020,0.1644,0.3292,-0.01,0.0984,0.0912,0.0895,0.225,,,0.2766,0.0683,0.171,0.456,0.2689,0.0123,0.2937
43,10,2021,0.2002,0.1369,-0.0653,-0.1071,-0.0571,0.1104,-0.1008,,,0.1832,0.0443,-0.0865,0.183,0.1835,-0.0443,0.1971
44,1,2013,0.302,0.4845,-0.0142,-0.1044,-0.0244,0.0908,-0.2868,,,0.2124,0.2147,-0.0371,0.33,0.0442,0.3563,0.226
44,2,2014,0.1266,0.0082,-0.0072,0.0991,0.0994,0.0371,-0.0064,,,0.4079,-0.052,-0.0256,0.1705,0.1318,0.1513,0.4506
44,3,2015,0.0065,-0.0987,-0.0068,0.0055,-0.0221,0.0443,-0.1275,,,0.4922,-0.0111,-0.1522,0.0764,0.2167,0.0899,0.5461
44,4,2016,0.095,0.1512,-0.0171,-0.0135,0.0926,0.0317,0.0591,,,0.4688,-0.0055,0.0934,0.0374,0.2636,0.0474,0.5164
44,5,2017,0.191,0.1308,-0.0116,0.0068,0.0697,0.0402,0.1033,,,0.4282,0.2302,0.349,0.288,0.2957,0.031,0.4665
44,6,2018,-0.0602,-0.1783,0.0003,-0.0189,-0.0508,0.0256,-0.0279,,,0.3837,-0.1498,-0.1586,-0.0289,0.3055,0.0229,0.4141
44,7,2019,0.2827,0.0976,-0.0022,0.0719,0.1267,0.0137,0.1641,,,0.3347,0.1991,0.1622,0.3487,0.2922,0.0121,0.3592
44,8,2020,0.1644,0.3292,-0.01,0.0984,0.0912,0.0895,0.225,,,0.3088,0.0683,0.171,0.456,0.2879,0.0162,0.3291
44,9,2021,0.2002,0.1369,-0.0653,-0.1071,-0.0571,0.1104,-0.1008,,,0.2089,0.0443,-0.0865,0.183,0.2016,-0.0414,0.2251
44,10,2022,-0.2301,-0.2802,-0.0416,-0.2281,-0.2028,-0.0075,-0.0554,,,0.1898,-0.1922,-0.246,-0.3703,0.19,-0.039,0.2038
45,1,2014,0.1266,0.0082,-0.0072,0.0991,0.0994,0.0371,-0.0064,,,0.2213,-0.052,-0.0256,0.1705,0.0519,0.3662,0.235
45,2,2015,0.0065,-0.0987,-0.0068,0.0055,-0.0221,0.0443,-0.1275,,,0.4083,-0.0111,-0.1522,0.0764,0.1321,0.1516,0.451
45,3,2016,0.095,0.1512,-0.0171,-0.0135,0.0926,0.0317,0.0591,,,0.4726,-0.0055,0.0934,0.0374,0.2007,0.0756,0.5258
45,4,2017,0.191,0.1308,-0.0116,0.0068,0.0697,0.0402,0.1033,,,0.4682,0.2302,0.349,0.288,0.2631,0.047,0.5158
45,5,2018,-0.0602,-0.1783,0.0003,-0.0189,-0.0508,0.0256,-0.0279,,,0.431,-0.1498,-0.1586,-0.0289,0.2982,0.0331,0.4693
45,6,2019,0.2827,0.0976,-0.0022,0.0719,0.1267,0.0137,0.1641,,,0.3785,0.1991,0.1622,0.3487,0.3006,0.0191,0.4088
45,7,2020,0.1644,0.3292,-0.01,0.0984,0.0912,0.0895,0.225,,,0.347,0.0683,0.171,0.456,0.3041,0.0214,0.3716
45,8,2021,0.2002,0.1369,-0.0653,-0.1071,-0.0571,0.1104,-0.1008,,,0.2393,0.0443,-0.0865,0.183,0.2195,-0.0377,0.2586
45,9,2022,-0.2301,-0.2802,-0.0416,-0.2281,-0.2028,-0.0075,-0.0554,,,0.2156,-0.1922,-0.246,-0.3703,0.2083,-0.0361,0.2318
45,10,2023,0.2197,0.0176,0.0166,0.0051,0.0522,0.0225,0.0959,,,0.2254,0.15,0.067,0.4882,0.2257,-0.0102,0.2399
46,1,2015,0.0065,-0.0987,-0.0068,0.0055,-0.0221,0.0443,-0.1275,,,0.2217,-0.0111,-0.1522,0.0764,0.0522,0.3666,0.2354
46,2,2016,0.095,0.1512,-0.0171,-0.0135,0.0926,0.0317,0.0591,,,0.3898,-0.0055,0.0934,0.0374,0.1173,0.1365,0.432
46,3,2017,0.191,0.1308,-0.0116,0.0068,0.0697,0.0402,0.1033,,,0.472,0.2302,0.349,0.288,0.2003,0.0752,0.5252
46,4,2018,-0.0602,-0.1783,0.0003,-0.0189,-0.0508,0.0256,-0.0279,,,0.4711,-0.1498,-0.1586,-0.0289,0.2656,0.0491,0.5188
46,5,2019,0.2827,0.0976,-0.0022,0.0719,0.1267,0.0137,0.1641,,,0.4257,0.1991,0.1622,0.3487,0.2934,0.0292,0.4639
46,6,2020,0.1644,0.3292,-0.01,0.0984,0.0912,0.0895,0.225,,,0.3912,0.0683,0.171,0.456,0.3125,0.0284,0.4218
46,7,2021,0.2002,0.1369,-0.0653,-0.1071,-0.0571,0.1104,-0.1008,,,0.2755,0.0443,-0.0865,0.183,0.2349,-0.0328,0.2989
46,8,2022,-0.2301,-0.2802,-0.0416,-0.2281,-0.2028,-0.0075,-0.0554,,,0.2462,-0.1922,-0.246,-0.3703,0.2263,-0.0324,0.2656
46,9,2023,0.2197,0.0176,0.0166,0.0051,0.0522,0.0225,0.0959,,,0.2521,0.15,0.067,0.4882,0.2445,-0.0072,0.2688
46,10,2024,0.2154,0.0936,0.0216,-0.0427,-0.0098,0.0145,0.2259,,,0.2326,0.0156,0.0516,0.2154,0.2329,-0.0044,0.2471
47,1,2016,0.095,0.1512,-0.0171,-0.0135,0.0926,0.0317,0.0591,,,0.2056,-0.0055,0.0934,0.0374,0.0384,0.3487,0.2192
47,2,2017,0.191,0.1308,-0.0116,0.0068,0.0697,0.0402,0.1033,,,0.3893,0.2302,0.349,0.288,0.1168,0.136,0.4314
47,3,2018,-0.0602,-0.1783,0.0003,-0.0189,-0.0508,0.0256,-0.0279,,,0.4749,-0.1498,-0.1586,-0.0289,0.2026,0.0773,0.5282
47,4,2019,0.2827,0.0976,-0.0022,0.0719,0.1267,0.0137,0.1641,,,0.4656,0.1991,0.1622,0.3487,0.2609,0.0452,0.5131
47,5,2020,0.1644,0.3292,-0.01,0.0984,0.0912,0.0895,0.225,,,0.4387,0.0683,0.171,0.456,0.3052,0.0387,0.4773
47,6,2021,0.2002,0.1369,-0.0653,-0.1071,-0.0571,0.1104,-0.1008,,,0.3174,0.0443,-0.0865,0.183,0.2429,-0.0262,0.3463
47,7,2022,-0.2301,-0.2802,-0.0416,-0.2281,-0.2028,-0.0075,-0.0554,,,0.2826,-0.1922,-0.246,-0.3703,0.2417,-0.0274,0.3061
47,8,2023,0.2197,0.0176,0.0166,0.0051,0.0522,0.0225,0.0959,,,0.2836,0.15,0.067,0.4882,0.2631,-0.0034,0.3035
47,9,2024,0.2154,0.0936,0.0216,-0.0427,-0.0098,0.0145,0.2259,,,0.2594,0.0156,0.0516,0.2154,0.2518,-0.0014,0.2762
47,10,2025,0.0,0.0,0.0,0.0,0.0,0.0,0.0,,,0.2665,0.0,0.0,0.0,0.2668,0.023,0.2814
48,1,2017,0.191,0.1308,-0.0116,0.0068,0.0697,0.0402,0.1033,,,0.2052,0.2302,0.349,0.288,0.038,0.3482,0.2187
48,2,2018,-0.0602,-0.1783,0.0003,-0.0189,-0.0508,0.0256,-0.0279,,,0.392,-0.1498,-0.1586,-0.0289,0.119,0.1383,0.4342
48,3,2019,0.2827,0.0976,-0.0022,0.0719,0.1267,0.0137,0.1641,,,0.4694,0.1991,0.1622,0.3487,0.1982,0.0733,0.5225
48,4,2020,0.1644,0.3292,-0.01,0.0984,0.0912,0.0895,0.225,,,0.4791,0.0683,0.171,0.456,0.2725,0.0548,0.527
48,5,2021,0.2002,0.1369,-0.0653,-0.1071,-0.0571,0.1104,-0.1008,,,0.3624,0.0443,-0.0865,0.183,0.236,-0.0164,0.3989
48,6,2022,-0.2301,-0.2802,-0.0416,-0.2281,-0.2028,-0.0075,-0.0554,,,0.3247,-0.1922,-0.246,-0.3703,0.2498,-0.0208,0.3538
48,7,2023,0.2197,0.0176,0.0166,0.0051,0.0522,0.0225,0.0959,,,0.321,0.15,0.067,0.4882,0.279,0.0017,0.3452
48,8,2024,0.2154,0.0936,0.0216,-0.0427,-0.0098,0.0145,0.2259,,,0.2911,0.0156,0.0516,0.2154,0.2705,0.0024,0.3111
48,9,2025,0.0,0.0,0.0,0.0,0.0,0.0,0.0,,,0.294,0.0,0.0,0.0,0.2862,0.0261,0.3113
48,10,2026,0.0,0.0,0.0,0.0,0.0,0.0,0.0,,,0.2665,0.0,0.0,0.0,0.2668,0.023,0.2814
49,1,2018,-0.0602,-0.1783,0.0003,-0.0189,-0.0508,0.0256,-0.0279,,,0.2075,-0.1498,-0.1586,-0.0289,0.04,0.3508,0.2211
49,2,2019,0.2827,0.0976,-0.0022,0.0719,0.1267,0.0137,0.1641,,,0.3868,0.1991,0.1622,0.3487,0.1149,0.134,0.4289
49,3,2020,0.1644,0.3292,-0.01,0.0984,0.0912,0.0895,0.225,,,0.4829,0.0683,0.171,0.456,0.2092,0.0832,0.5365
49,4,2021,0.2002,0.1369,-0.0653,-0.1071,-0.0571,0.1104,-0.1008,,,0.4006,0.0443,-0.0865,0.183,0.205,-0.0012,0.446
49,5,2022,-0.2301,-0.2802,-0.0416,-0.2281,-0.2028,-0.0075,-0.0554,,,0.3699,-0.1922,-0.246,-0.3703,0.2428,-0.011,0.4067
49,6,2023,0.2197,0.0176,0.0166,0.0051,0.0522,0.0225,0.0959,,,0.3644,0.15,0.067,0.4882,0.2873,0.0086,0.3944
49,7,2024,0.2154,0.0936,0.0216,-0.0427,-0.0098,0.0145,0.2259,,,0.3288,0.0156,0.0516,0.2154,0.2864,0.0076,0.3531
49,8,2025,0.0,0.0,0.0,0.0,0.0,0.0,0.0,,,0.3266,0.0,0.0,0.0,0.3054,0.03,0.3472
49,9,2026,0.0,0.0,0.0,0.0,0.0,0.0,0.0,,,0.294,0.0,0.0,0.0,0.2862,0.0261,0.3113
49,10,2027,0.0,0.0,0.0,0.0,0.0,0.0,0.0,,,0.2665,0.0,0.0,0.0,0.2668,0.023,0.2814
50,1,2019,0.2827,0.0976,-0.0022,0.0719,0.1267,0.0137,0.1641,,,0.2031,0.1991,0.1622,0.3487,0.0362,0.3458,0.2165
50,2,2020,0.1644,0.3292,-0.01,0.0984,0.0912,0.0895,0.225,,,0.3996,0.0683,0.171,0.456,0.1251,0.1444,0.442
50,3,2021,0.2002,0.1369,-0.0653,-0.1071,-0.0571,0.1104,-0.1008,,,0.4042,0.0443,-0.0865,0.183,0.145,0.0257,0.455
50,4,2022,-0.2301,-0.2802,-0.0416,-0.2281,-0.2028,-0.0075,-0.0554,,,0.4084,-0.1922,-0.246,-0.3703,0.2116,0.0043,0.454
50,5,2023,0.2197,0.0176,0.0166,0.0051,0.0522,0.0225,0.0959,,,0.411,0.15,0.067,0.4882,0.2801,0.0187,0.4489
50,6,2024,0.2154,0.0936,0.0216,-0.0427,-0.0098,0.0145,0.2259,,,0.3724,0.0156,0.0516,0.2154,0.2948,0.0145,0.4025
50,7,2025,0.0,0.0,0.0,0.0,0.0,0.0,0.0,,,0.3653,0.0,0.0,0.0,0.3218,0.0353,0.3903
50,8,2026,0.0,0.0,0.0,0.0,0.0,0.0,0.0,,,0.3266,0.0,0.0,0.0,0.3054,0.03,0.3472
50,9,2027,0.0,0.0,0.0,0.0,0.0,0.0,0.0,,,0.294,0.0,0.0,0.0,0.2862,0.0261,0.3113
50,10,2028,0.0,0.0,0.0,0.0,0.0,0.0,0.0,,,0.2665,0.0,0.0,0.0,0.2668,0.023,0.2814
